ticket,timestampmillis,price
seatgeek-Kezcz55GAV9,1685394053123,608
seatgeek-Kezcz55GAV9,1685394060778,608
seatgeek-Kezcz55GAV9,1685394102841,608
seatgeek-Kezcz55GAV9,1685394305087,608
seatgeek-7KntAYeeG9w,1685394053123,738
seatgeek-7KntAYeeG9w,1685394060778,738
seatgeek-7KntAYeeG9w,1685394102841,738
seatgeek-7KntAYeeG9w,1685394305087,738
seatgeek-9P2c56eDmzm,1685394053123,940
seatgeek-9P2c56eDmzm,1685394060778,940
seatgeek-9P2c56eDmzm,1685394102841,940
seatgeek-9P2c56eDmzm,1685394305087,940
seatgeek-Kezcz55BR7m,1685394053123,1919
seatgeek-Kezcz55BR7m,1685394060778,1919
seatgeek-Kezcz55BR7m,1685394102841,1919
seatgeek-Kezcz55BR7m,1685394305087,1919
seatgeek-05VT8eReBAn,1685394053123,802
seatgeek-05VT8eReBAn,1685394060778,802
seatgeek-05VT8eReBAn,1685394102841,802
seatgeek-05VT8eReBAn,1685394305087,802
seatgeek-eeacK755MLv,1685394053123,4042
seatgeek-eeacK755MLv,1685394060778,4042
seatgeek-eeacK755MLv,1685394102841,4042
seatgeek-eeacK755MLv,1685394305087,4042
seatgeek-3q7fNqqRZro,1685394053123,1767
seatgeek-3q7fNqqRZro,1685394060778,1767
seatgeek-3q7fNqqRZro,1685394102841,1767
seatgeek-3q7fNqqRZro,1685394305087,1767
seatgeek-vb3iPR0RrJL,1685394053123,1544
seatgeek-vb3iPR0RrJL,1685394060778,1544
seatgeek-vb3iPR0RrJL,1685394102841,1513
seatgeek-vb3iPR0RrJL,1685394305087,1513
seatgeek-BALImee7V8m,1685394053123,1285
seatgeek-BALImee7V8m,1685394060778,1285
seatgeek-BALImee7V8m,1685394102841,1285
seatgeek-BALImee7V8m,1685394305087,1285
seatgeek-O7AhwgkkeGr,1685394053123,1023
seatgeek-O7AhwgkkeGr,1685394060778,1023
seatgeek-O7AhwgkkeGr,1685394102841,1023
seatgeek-O7AhwgkkeGr,1685394305087,1023
seatgeek-9P2c5Jxxeea,1685394053123,3297
seatgeek-9P2c5Jxxeea,1685394060778,3297
seatgeek-9P2c5Jxxeea,1685394102841,3297
seatgeek-9P2c5Jxxeea,1685394305087,3297
seatgeek-jDvsz66m3lx,1685394053123,2214
seatgeek-jDvsz66m3lx,1685394060778,2214
seatgeek-jDvsz66m3lx,1685394102841,2214
seatgeek-jDvsz66m3lx,1685394305087,2214
seatgeek-nx0srGGKLGz,1685394053123,1083
seatgeek-nx0srGGKLGz,1685394060778,1083
seatgeek-nx0srGGKLGz,1685394102841,1083
seatgeek-nx0srGGKLGz,1685394305087,1083
seatgeek-xb9imoaaqe5,1685394053123,1024
seatgeek-xb9imoaaqe5,1685394060778,1024
seatgeek-xb9imoaaqe5,1685394102841,1024
seatgeek-xb9imoaaqe5,1685394305087,1024
seatgeek-jDvsz6Ewppd,1685394053123,976
seatgeek-jDvsz6Ewppd,1685394060778,976
seatgeek-jDvsz6Ewppd,1685394102841,976
seatgeek-jDvsz6Ewppd,1685394305087,976
seatgeek-MAeIPaBBb9l,1685394053123,883
seatgeek-MAeIPaBBb9l,1685394060778,883
seatgeek-MAeIPaBBb9l,1685394102841,883
seatgeek-MAeIPaBBb9l,1685394305087,883
seatgeek-z3Es6oDDd72,1685394053123,915
seatgeek-z3Es6oDDd72,1685394060778,915
seatgeek-z3Es6oDDd72,1685394102841,915
seatgeek-z3Es6oDDd72,1685394305087,915
seatgeek-eeacK77z6m7,1685394053123,629
seatgeek-eeacK77z6m7,1685394060778,629
seatgeek-eeacK77z6m7,1685394102841,629
seatgeek-eeacK77z6m7,1685394305087,629
seatgeek-ROXHzPZP6VM,1685394053123,2538
seatgeek-ROXHzPZP6VM,1685394060778,2538
seatgeek-ROXHzPZP6VM,1685394102841,2538
seatgeek-ROXHzPZP6VM,1685394305087,2538
seatgeek-O7Ahwgg9ROB,1685394053123,1739
seatgeek-O7Ahwgg9ROB,1685394060778,1739
seatgeek-O7Ahwgg9ROB,1685394102841,1739
seatgeek-O7Ahwgg9ROB,1685394305087,1739
seatgeek-b4wUawRw0O6,1685394053123,3800
seatgeek-b4wUawRw0O6,1685394060778,3800
seatgeek-b4wUawRw0O6,1685394102841,3800
seatgeek-b4wUawRw0O6,1685394305087,3800
seatgeek-mxAs4BLB9Kv,1685394053123,2896
seatgeek-mxAs4BLB9Kv,1685394060778,2896
seatgeek-mxAs4BLB9Kv,1685394102841,2896
seatgeek-mxAs4BLB9Kv,1685394305087,2896
seatgeek-jDvsz6E6KlB,1685394053123,859
seatgeek-jDvsz6E6KlB,1685394060778,859
seatgeek-jDvsz6E6KlB,1685394102841,859
seatgeek-jDvsz6E6KlB,1685394305087,859
seatgeek-NrqUvaJvgXD,1685394053123,784
seatgeek-NrqUvaJvgXD,1685394060778,784
seatgeek-NrqUvaJvgXD,1685394102841,784
seatgeek-NrqUvaJvgXD,1685394305087,784
seatgeek-JABI3lla6RE,1685394053123,3463
seatgeek-JABI3lla6RE,1685394060778,3463
seatgeek-JABI3lla6RE,1685394102841,3463
seatgeek-JABI3lla6RE,1685394305087,3463
seatgeek-JABI3l5lP8Y,1685394053123,3479
seatgeek-JABI3l5lP8Y,1685394060778,3479
seatgeek-JABI3l5lP8Y,1685394102841,3479
seatgeek-JABI3l5lP8Y,1685394305087,3479
seatgeek-nx0srGwrPww,1685394053123,1010
seatgeek-nx0srGwrPww,1685394060778,1010
seatgeek-nx0srGwrPww,1685394102841,1010
seatgeek-nx0srGwrPww,1685394305087,1010
seatgeek-8lKt6E33r9Y,1685394053123,1303
seatgeek-8lKt6E33r9Y,1685394060778,1303
seatgeek-8lKt6E33r9Y,1685394102841,1303
seatgeek-8lKt6E33r9Y,1685394305087,1277
seatgeek-JABI3l5nVwK,1685394053123,1091
seatgeek-JABI3l5nVwK,1685394060778,1091
seatgeek-JABI3l5nVwK,1685394102841,1091
seatgeek-JABI3l5nVwK,1685394305087,1091
seatgeek-EroUXll7aaz,1685394053123,646
seatgeek-EroUXll7aaz,1685394060778,646
seatgeek-EroUXll7aaz,1685394102841,646
seatgeek-EroUXll7aaz,1685394305087,646
seatgeek-3q7fNqvqrMV,1685394053123,825
seatgeek-3q7fNqvqrMV,1685394060778,825
seatgeek-3q7fNqvqrMV,1685394102841,825
seatgeek-3q7fNqvqrMV,1685394305087,825
seatgeek-oV7HbZaa27X,1685394053123,5442
seatgeek-oV7HbZaa27X,1685394060778,5442
seatgeek-oV7HbZaa27X,1685394102841,5442
seatgeek-oV7HbZaa27X,1685394305087,5442
seatgeek-2v0czvvbm5G,1685394053123,2140
seatgeek-2v0czvvbm5G,1685394060778,2140
seatgeek-2v0czvvbm5G,1685394102841,2140
seatgeek-2v0czvvbm5G,1685394305087,2140
seatgeek-2v0czvlvZnO,1685394053123,2830
seatgeek-2v0czvlvZnO,1685394060778,2830
seatgeek-2v0czvlvZnO,1685394102841,2830
seatgeek-2v0czvlvZnO,1685394305087,2830
seatgeek-oV7HbZaamXR,1685394053123,873
seatgeek-oV7HbZaamXR,1685394060778,873
seatgeek-oV7HbZaamXR,1685394102841,873
seatgeek-oV7HbZaamXR,1685394305087,873
seatgeek-5EjuZ88GzwY,1685394053123,8465
seatgeek-5EjuZ88GzwY,1685394060778,8465
seatgeek-5EjuZ88GzwY,1685394102841,8465
seatgeek-5EjuZ88GzwY,1685394305087,8465
seatgeek-agktlkkavZ2,1685394053123,923
seatgeek-agktlkkavZ2,1685394060778,923
seatgeek-agktlkkavZ2,1685394102841,923
seatgeek-agktlkkavZ2,1685394305087,923
seatgeek-DdwHkPP38bO,1685394053123,1138
seatgeek-DdwHkPP38bO,1685394060778,1138
seatgeek-DdwHkPP38bO,1685394102841,1138
seatgeek-DdwHkPP38bO,1685394305087,1138
seatgeek-05VT8eeLaG2,1685394053123,895
seatgeek-05VT8eeLaG2,1685394060778,895
seatgeek-05VT8eeLaG2,1685394102841,895
seatgeek-05VT8eeLaG2,1685394305087,895
seatgeek-ROXHzPZRm5v,1685394053123,22478
seatgeek-ROXHzPZRm5v,1685394060778,22478
seatgeek-ROXHzPZRm5v,1685394102841,22478
seatgeek-ROXHzPZRm5v,1685394305087,22478
seatgeek-JABI3l55x3R,1685394053123,763
seatgeek-JABI3l55x3R,1685394060778,763
seatgeek-JABI3l55x3R,1685394102841,763
seatgeek-JABI3l55x3R,1685394305087,763
seatgeek-Zm9hvAARvZv,1685394053123,965
seatgeek-Zm9hvAARvZv,1685394060778,965
seatgeek-Zm9hvAARvZv,1685394102841,965
seatgeek-Zm9hvAARvZv,1685394305087,965
seatgeek-jDvsz66Nopz,1685394053123,922
seatgeek-jDvsz66Nopz,1685394060778,922
seatgeek-jDvsz66Nopz,1685394102841,922
seatgeek-jDvsz66Nopz,1685394305087,833
seatgeek-V4KU0bmmPjL,1685394053123,852
seatgeek-V4KU0bmmPjL,1685394060778,852
seatgeek-V4KU0bmmPjL,1685394102841,852
seatgeek-V4KU0bmmPjL,1685394305087,852
seatgeek-xb9imoaokRR,1685394053123,5218
seatgeek-xb9imoaokRR,1685394060778,5218
seatgeek-xb9imoaokRR,1685394102841,5218
seatgeek-xb9imoaokRR,1685394305087,5218
seatgeek-JABI3llrbR3,1685394053123,912
seatgeek-JABI3llrbR3,1685394060778,912
seatgeek-JABI3llrbR3,1685394102841,912
seatgeek-JABI3llrbR3,1685394305087,912
seatgeek-V4KU0bmbpGw,1685394053123,3456
seatgeek-V4KU0bmbpGw,1685394060778,3456
seatgeek-V4KU0bmbpGw,1685394102841,3456
seatgeek-V4KU0bmbpGw,1685394305087,3456
seatgeek-PX0sgooljlK,1685394053123,927
seatgeek-PX0sgooljlK,1685394060778,927
seatgeek-PX0sgooljlK,1685394102841,927
seatgeek-PX0sgooljlK,1685394305087,927
seatgeek-LbviLvvwDwp,1685394053123,4193
seatgeek-LbviLvvwDwp,1685394060778,4193
seatgeek-LbviLvvwDwp,1685394102841,4193
seatgeek-LbviLvvwDwp,1685394305087,4193
seatgeek-3q7fNqqRjEo,1685394053123,1373
seatgeek-3q7fNqqRjEo,1685394060778,1373
seatgeek-3q7fNqqRjEo,1685394102841,1333
seatgeek-3q7fNqqRjEo,1685394305087,1333
seatgeek-nx0srGwGOmj,1685394053123,3870
seatgeek-nx0srGwGOmj,1685394060778,3870
seatgeek-nx0srGwGOmj,1685394102841,3870
seatgeek-nx0srGwGOmj,1685394305087,3870
seatgeek-2v0czvlz7Rn,1685394053123,1086
seatgeek-2v0czvlz7Rn,1685394060778,1086
seatgeek-2v0czvlz7Rn,1685394102841,1086
seatgeek-2v0czvlz7Rn,1685394305087,1086
seatgeek-g48UraajoNJ,1685394053123,1608
seatgeek-g48UraajoNJ,1685394060778,1608
seatgeek-g48UraajoNJ,1685394102841,1608
seatgeek-g48UraajoNJ,1685394305087,1608
seatgeek-JABI3ll62kP,1685394053123,3031
seatgeek-JABI3ll62kP,1685394060778,3031
seatgeek-JABI3ll62kP,1685394102841,3031
seatgeek-JABI3ll62kP,1685394305087,3031
seatgeek-NrqUvaJPvle,1685394053123,877
seatgeek-NrqUvaJPvle,1685394060778,877
seatgeek-NrqUvaJPvle,1685394102841,877
seatgeek-NrqUvaJPvle,1685394305087,877
seatgeek-2v0czvlYXna,1685394053123,810
seatgeek-2v0czvlYXna,1685394060778,810
seatgeek-2v0czvlYXna,1685394102841,810
seatgeek-2v0czvlYXna,1685394305087,810
seatgeek-DdwHkPzkd0R,1685394305087,1814
seatgeek-eeacK77EmXx,1685394053123,2676
seatgeek-eeacK77EmXx,1685394060778,2676
seatgeek-eeacK77EmXx,1685394102841,2676
seatgeek-eeacK77EmXx,1685394305087,2141
seatgeek-Zm9hvA66Eo7,1685394053123,1304
seatgeek-Zm9hvA66Eo7,1685394060778,1304
seatgeek-Zm9hvA66Eo7,1685394102841,1304
seatgeek-Zm9hvA66Eo7,1685394305087,1304
seatgeek-LbviLvjvG2J,1685394053123,726
seatgeek-LbviLvjvG2J,1685394060778,726
seatgeek-LbviLvjvG2J,1685394102841,726
seatgeek-LbviLvjvG2J,1685394305087,726
seatgeek-EroUXlblJEJ,1685394053123,7829
seatgeek-EroUXlblJEJ,1685394060778,7829
seatgeek-EroUXlblJEJ,1685394102841,7829
seatgeek-EroUXlblJEJ,1685394305087,7829
seatgeek-DdwHkPPLq3b,1685394053123,1526
seatgeek-DdwHkPPLq3b,1685394060778,1526
seatgeek-DdwHkPPLq3b,1685394102841,1526
seatgeek-DdwHkPPLq3b,1685394305087,1526
seatgeek-lxVsdaqa8xR,1685394053123,2286
seatgeek-lxVsdaqa8xR,1685394060778,2286
seatgeek-lxVsdaqa8xR,1685394102841,2286
seatgeek-lxVsdaqa8xR,1685394305087,2286
seatgeek-w3JseYqqRmN,1685394053123,1640
seatgeek-w3JseYqqRmN,1685394060778,1640
seatgeek-w3JseYqqRmN,1685394102841,1640
seatgeek-w3JseYqqRmN,1685394305087,1640
seatgeek-oV7HbZaZlZ7,1685394053123,912
seatgeek-oV7HbZaZlZ7,1685394060778,912
seatgeek-oV7HbZaZlZ7,1685394102841,912
seatgeek-oV7HbZaZlZ7,1685394305087,912
seatgeek-Zm9hvAeA02Z,1685394053123,618
seatgeek-Zm9hvAeA02Z,1685394060778,618
seatgeek-Zm9hvAeA02Z,1685394102841,618
seatgeek-Zm9hvAeA02Z,1685394305087,618
seatgeek-JABI3lnlGMz,1685394053123,1888
seatgeek-JABI3lnlGMz,1685394060778,1888
seatgeek-JABI3lnlGMz,1685394102841,1888
seatgeek-JABI3lnlGMz,1685394305087,1888
seatgeek-nx0srGGXnLK,1685394053123,1348
seatgeek-nx0srGGXnLK,1685394060778,1348
seatgeek-nx0srGGXnLK,1685394102841,1348
seatgeek-nx0srGGXnLK,1685394305087,1348
seatgeek-b4wUawRnX6R,1685394053123,1058
seatgeek-b4wUawRnX6R,1685394060778,1058
seatgeek-b4wUawRnX6R,1685394102841,1058
seatgeek-b4wUawRnX6R,1685394305087,1058
seatgeek-3q7fNqqG9Ro,1685394053123,1067
seatgeek-3q7fNqqG9Ro,1685394060778,1067
seatgeek-3q7fNqqG9Ro,1685394102841,1067
seatgeek-3q7fNqqG9Ro,1685394305087,1067
seatgeek-rVOHke8eDvq,1685394053123,1099
seatgeek-rVOHke8eDvq,1685394060778,1099
seatgeek-rVOHke8eDvq,1685394102841,1099
seatgeek-rVOHke8eDvq,1685394305087,1099
seatgeek-6mOhkPKK9w8,1685394053123,612
seatgeek-6mOhkPKK9w8,1685394060778,612
seatgeek-6mOhkPKK9w8,1685394102841,612
seatgeek-6mOhkPKK9w8,1685394305087,612
seatgeek-nx0srGwGVd8,1685394053123,7821
seatgeek-nx0srGwGVd8,1685394060778,7821
seatgeek-nx0srGwGVd8,1685394102841,7821
seatgeek-nx0srGwGVd8,1685394305087,7821
seatgeek-DdwHkPzzA02,1685394053123,1575
seatgeek-DdwHkPzzA02,1685394060778,1575
seatgeek-DdwHkPzzA02,1685394102841,1575
seatgeek-DdwHkPzzA02,1685394305087,1575
seatgeek-mxAs4BBwRMe,1685394053123,884
seatgeek-mxAs4BBwRMe,1685394060778,884
seatgeek-mxAs4BBwRMe,1685394102841,884
seatgeek-mxAs4BBwRMe,1685394305087,884
seatgeek-MAeIPaBB4LO,1685394053123,882
seatgeek-MAeIPaBB4LO,1685394060778,882
seatgeek-MAeIPaBB4LO,1685394102841,882
seatgeek-MAeIPaBB4LO,1685394305087,882
seatgeek-JABI3lnk0aB,1685394053123,21285
seatgeek-JABI3lnk0aB,1685394060778,21285
seatgeek-JABI3lnk0aB,1685394102841,21285
seatgeek-JABI3lnk0aB,1685394305087,21285
seatgeek-GAaI6ppg7Ee,1685394053123,3869
seatgeek-GAaI6ppg7Ee,1685394060778,3869
seatgeek-GAaI6ppg7Ee,1685394102841,3869
seatgeek-GAaI6ppg7Ee,1685394305087,3869
seatgeek-4vXcjOOa6Rg,1685394053123,2030
seatgeek-4vXcjOOa6Rg,1685394060778,2030
seatgeek-4vXcjOOa6Rg,1685394102841,2030
seatgeek-4vXcjOOa6Rg,1685394305087,2030
seatgeek-GAaI6pplBXR,1685394053123,885
seatgeek-GAaI6pplBXR,1685394060778,885
seatgeek-GAaI6pplBXR,1685394102841,885
seatgeek-GAaI6pplBXR,1685394305087,885
seatgeek-vb3iPRRxoL9,1685394053123,1025
seatgeek-vb3iPRRxoL9,1685394060778,1025
seatgeek-vb3iPRRxoL9,1685394102841,1025
seatgeek-vb3iPRRxoL9,1685394305087,1025
seatgeek-rVOHke33PX5,1685394053123,2437
seatgeek-rVOHke33PX5,1685394060778,2437
seatgeek-rVOHke33PX5,1685394102841,2368
seatgeek-rVOHke33PX5,1685394305087,2368
seatgeek-DdwHkPzY4OR,1685394053123,4322
seatgeek-DdwHkPzY4OR,1685394060778,4322
seatgeek-DdwHkPzY4OR,1685394102841,4322
seatgeek-DdwHkPzY4OR,1685394305087,4520
seatgeek-5EjuZ8q8rmZ,1685394053123,7829
seatgeek-5EjuZ8q8rmZ,1685394060778,7829
seatgeek-5EjuZ8q8rmZ,1685394102841,7829
seatgeek-5EjuZ8q8rmZ,1685394305087,7829
seatgeek-g48UrX5eVAp,1685394053123,900
seatgeek-g48UrX5eVAp,1685394060778,900
seatgeek-g48UrX5eVAp,1685394102841,900
seatgeek-g48UrX5eVAp,1685394305087,900
seatgeek-NrqUvaaqnbg,1685394053123,2237
seatgeek-NrqUvaaqnbg,1685394060778,2237
seatgeek-NrqUvaaqnbg,1685394102841,2237
seatgeek-NrqUvaaqnbg,1685394305087,2237
seatgeek-nx0srGwGxbX,1685394053123,890
seatgeek-nx0srGwGxbX,1685394060778,890
seatgeek-nx0srGwGxbX,1685394102841,890
seatgeek-nx0srGwGxbX,1685394305087,890
seatgeek-DdwHkPPrN6V,1685394053123,721
seatgeek-DdwHkPPrN6V,1685394060778,721
seatgeek-DdwHkPPrN6V,1685394102841,721
seatgeek-DdwHkPPrN6V,1685394305087,721
seatgeek-b4wUawRawMN,1685394053123,4379
seatgeek-b4wUawRawMN,1685394060778,4379
seatgeek-b4wUawRawMN,1685394102841,4379
seatgeek-b4wUawRawMN,1685394305087,4379
seatgeek-BALImeBG3gj,1685394053123,1285
seatgeek-BALImeBG3gj,1685394060778,1285
seatgeek-BALImeBG3gj,1685394102841,1285
seatgeek-BALImeBG3gj,1685394305087,1285
seatgeek-DdwHkPzzqGM,1685394053123,966
seatgeek-DdwHkPzzqGM,1685394060778,966
seatgeek-DdwHkPzzqGM,1685394102841,966
seatgeek-DdwHkPzzqGM,1685394305087,966
seatgeek-LbviLvv4Ve2,1685394053123,923
seatgeek-LbviLvv4Ve2,1685394060778,923
seatgeek-LbviLvv4Ve2,1685394102841,923
seatgeek-LbviLvv4Ve2,1685394305087,923
seatgeek-Zm9hveRpoPx,1685394053123,1819
seatgeek-Zm9hveRpoPx,1685394060778,1819
seatgeek-Zm9hveRpoPx,1685394102841,1819
seatgeek-Zm9hveRpoPx,1685394305087,1819
seatgeek-YgJtk8NNZRL,1685394053123,2447
seatgeek-YgJtk8NNZRL,1685394060778,2447
seatgeek-YgJtk8NNZRL,1685394102841,2397
seatgeek-YgJtk8NNZRL,1685394305087,2397
seatgeek-eeacK7550dr,1685394053123,882
seatgeek-eeacK7550dr,1685394060778,882
seatgeek-eeacK7550dr,1685394102841,882
seatgeek-eeacK7550dr,1685394305087,882
seatgeek-X03tK66vrwn,1685394053123,2214
seatgeek-X03tK66vrwn,1685394060778,2214
seatgeek-X03tK66vrwn,1685394102841,2214
seatgeek-X03tK66vrwn,1685394305087,2214
seatgeek-5EjuZ8qqBv3,1685394053123,1397
seatgeek-5EjuZ8qqBv3,1685394060778,1397
seatgeek-5EjuZ8qqBv3,1685394102841,1397
seatgeek-5EjuZ8qqBv3,1685394305087,1397
seatgeek-dNgUgVVG8eG,1685394053123,601
seatgeek-dNgUgVVG8eG,1685394060778,601
seatgeek-dNgUgVVG8eG,1685394102841,601
seatgeek-nx0srGG9p2G,1685394053123,2041
seatgeek-nx0srGG9p2G,1685394060778,2041
seatgeek-nx0srGG9p2G,1685394102841,2041
seatgeek-nx0srGG9p2G,1685394305087,2041
seatgeek-kYet9xLx522,1685394053123,3044
seatgeek-kYet9xLx522,1685394060778,3044
seatgeek-kYet9xLx522,1685394102841,3044
seatgeek-kYet9xLx522,1685394305087,3044
seatgeek-nx0srGwrVPb,1685394053123,1313
seatgeek-nx0srGwrVPb,1685394060778,1313
seatgeek-nx0srGwrVPb,1685394102841,1313
seatgeek-nx0srGwrVPb,1685394305087,1313
seatgeek-8lKt6EEVq4j,1685394053123,924
seatgeek-8lKt6EEVq4j,1685394060778,924
seatgeek-8lKt6EEVq4j,1685394102841,924
seatgeek-8lKt6EEVq4j,1685394305087,924
seatgeek-MAeIPaaMRxb,1685394053123,1510
seatgeek-MAeIPaaMRxb,1685394060778,1510
seatgeek-MAeIPaaMRxb,1685394102841,1510
seatgeek-MAeIPaaMRxb,1685394305087,1510
seatgeek-GAaI6ppMBqj,1685394053123,842
seatgeek-GAaI6ppMBqj,1685394060778,842
seatgeek-GAaI6ppMBqj,1685394102841,842
seatgeek-GAaI6ppMBqj,1685394305087,842
seatgeek-EroUXllVNkn,1685394053123,1304
seatgeek-EroUXllVNkn,1685394060778,1304
seatgeek-EroUXllVNkn,1685394102841,1304
seatgeek-EroUXllVNkn,1685394305087,1304
seatgeek-qVjH2w77D5e,1685394053123,647
seatgeek-qVjH2w77D5e,1685394060778,647
seatgeek-qVjH2w77D5e,1685394102841,647
seatgeek-qVjH2w77D5e,1685394305087,607
seatgeek-5EjuZ88YLPr,1685394053123,1024
seatgeek-5EjuZ88YLPr,1685394060778,1024
seatgeek-5EjuZ88YLPr,1685394102841,1024
seatgeek-5EjuZ88YLPr,1685394305087,1024
seatgeek-GAaI6pOpGzA,1685394053123,969
seatgeek-GAaI6pOpGzA,1685394060778,969
seatgeek-GAaI6pOpGzA,1685394102841,969
seatgeek-GAaI6pOpGzA,1685394305087,969
seatgeek-eeacK757eej,1685394053123,7829
seatgeek-eeacK757eej,1685394060778,7829
seatgeek-eeacK757eej,1685394102841,7829
seatgeek-eeacK757eej,1685394305087,7829
seatgeek-X03tK6O6aZv,1685394053123,812
seatgeek-X03tK6O6aZv,1685394060778,812
seatgeek-X03tK6O6aZv,1685394102841,812
seatgeek-X03tK6O6aZv,1685394305087,812
seatgeek-2v0czYLRkpJ,1685394053123,603
seatgeek-2v0czYLRkpJ,1685394060778,603
seatgeek-2v0czYLRkpJ,1685394102841,603
seatgeek-2v0czYLRkpJ,1685394305087,603
seatgeek-z3Es6oDonnq,1685394053123,607
seatgeek-z3Es6oDonnq,1685394060778,607
seatgeek-z3Es6oDonnq,1685394102841,607
seatgeek-z3Es6oDonnq,1685394305087,589
seatgeek-7KntAYJJjOJ,1685394053123,2647
seatgeek-7KntAYJJjOJ,1685394060778,2647
seatgeek-7KntAYJJjOJ,1685394102841,2647
seatgeek-7KntAYJJjOJ,1685394305087,2647
seatgeek-JABI3llaw6k,1685394053123,1065
seatgeek-JABI3llaw6k,1685394060778,1065
seatgeek-JABI3llaw6k,1685394102841,1065
seatgeek-JABI3llaw6k,1685394305087,1065
seatgeek-lxVsdaaEv85,1685394053123,1641
seatgeek-lxVsdaaEv85,1685394060778,1641
seatgeek-lxVsdaaEv85,1685394102841,1641
seatgeek-lxVsdaaEv85,1685394305087,1641
seatgeek-Zm9hvA6vD0e,1685394053123,1562
seatgeek-Zm9hvA6vD0e,1685394060778,1562
seatgeek-Zm9hvA6vD0e,1685394102841,1562
seatgeek-Zm9hvA6vD0e,1685394305087,1562
seatgeek-NrqUvaa8rm6,1685394053123,581
seatgeek-NrqUvaa8rm6,1685394060778,581
seatgeek-NrqUvaa8rm6,1685394102841,581
seatgeek-NrqUvaa8rm6,1685394305087,581
seatgeek-3q7fNqqRZzo,1685394053123,1022
seatgeek-3q7fNqqRZzo,1685394060778,1022
seatgeek-3q7fNqqRZzo,1685394102841,1022
seatgeek-3q7fNqqRZzo,1685394305087,1022
seatgeek-oV7HbZaaajN,1685394053123,1012
seatgeek-oV7HbZaaajN,1685394060778,1012
seatgeek-oV7HbZaaajN,1685394102841,1012
seatgeek-oV7HbZaaajN,1685394305087,1012
seatgeek-V4KU0bbGPZP,1685394053123,929
seatgeek-V4KU0bbGPZP,1685394060778,929
seatgeek-V4KU0bbGPZP,1685394102841,929
seatgeek-V4KU0bbGPZP,1685394305087,929
seatgeek-rVOHke88KOk,1685394053123,1946
seatgeek-rVOHke88KOk,1685394060778,1946
seatgeek-rVOHke88KOk,1685394102841,1946
seatgeek-rVOHke88KOk,1685394305087,1946
seatgeek-DdwHkPzzamD,1685394053123,894
seatgeek-DdwHkPzzamD,1685394060778,894
seatgeek-DdwHkPzzamD,1685394102841,894
seatgeek-DdwHkPzzamD,1685394305087,894
seatgeek-9P2c5JJvebd,1685394053123,917
seatgeek-9P2c5JJvebd,1685394060778,917
seatgeek-9P2c5JJvebd,1685394102841,917
seatgeek-9P2c5JJvebd,1685394305087,917
seatgeek-5EjuZ8qqzaw,1685394053123,3491
seatgeek-5EjuZ8qqzaw,1685394060778,3491
seatgeek-5EjuZ8qqzaw,1685394102841,3491
seatgeek-5EjuZ8qqzaw,1685394305087,3491
seatgeek-b4wUaww9oPE,1685394053123,583
seatgeek-b4wUaww9oPE,1685394060778,583
seatgeek-b4wUaww9oPE,1685394102841,583
seatgeek-b4wUaww9oPE,1685394305087,583
seatgeek-X03tK6Odqaw,1685394053123,2343
seatgeek-X03tK6Odqaw,1685394060778,2343
seatgeek-X03tK6Odqaw,1685394102841,2343
seatgeek-X03tK6Odqaw,1685394305087,2343
seatgeek-3q7fNqvq8ep,1685394053123,7829
seatgeek-3q7fNqvq8ep,1685394060778,7829
seatgeek-3q7fNqvq8ep,1685394102841,7829
seatgeek-3q7fNqvq8ep,1685394305087,7829
seatgeek-pVXHD6m65lx,1685394053123,847
seatgeek-pVXHD6m65lx,1685394060778,847
seatgeek-pVXHD6m65lx,1685394102841,847
seatgeek-pVXHD6m65lx,1685394305087,847
seatgeek-3q7fNqvqYz2,1685394053123,34798
seatgeek-3q7fNqvqYz2,1685394060778,34798
seatgeek-3q7fNqvqYz2,1685394102841,34798
seatgeek-3q7fNqvqYz2,1685394305087,34798
seatgeek-3q7fNqvqao5,1685394053123,1314
seatgeek-3q7fNqvqao5,1685394060778,1314
seatgeek-3q7fNqvqao5,1685394102841,1314
seatgeek-3q7fNqvqao5,1685394305087,1314
seatgeek-2v0czvllzo8,1685394053123,1731
seatgeek-2v0czvllzo8,1685394060778,1731
seatgeek-2v0czvllzo8,1685394102841,1731
seatgeek-2v0czvllzo8,1685394305087,1731
seatgeek-2v0czvllDlJ,1685394053123,1314
seatgeek-2v0czvllDlJ,1685394060778,1314
seatgeek-2v0czvllDlJ,1685394102841,1314
seatgeek-2v0czvllDlJ,1685394305087,1314
seatgeek-g48UraGGBDD,1685394053123,768
seatgeek-g48UraGGBDD,1685394060778,768
seatgeek-g48UraGGBDD,1685394102841,768
seatgeek-g48UraGGBDD,1685394305087,768
seatgeek-JABI3llrb80,1685394053123,6047
seatgeek-JABI3llrb80,1685394060778,6047
seatgeek-JABI3llrb80,1685394102841,6047
seatgeek-JABI3llrb80,1685394305087,6047
seatgeek-05VT8eRRYZ7,1685394053123,3195
seatgeek-05VT8eRRYZ7,1685394060778,3195
seatgeek-05VT8eRRYZ7,1685394102841,3195
seatgeek-05VT8eRRYZ7,1685394305087,3195
seatgeek-X03tK6OKGEg,1685394053123,3870
seatgeek-X03tK6OKGEg,1685394060778,3870
seatgeek-X03tK6OKGEg,1685394102841,3870
seatgeek-X03tK6OKGEg,1685394305087,3870
seatgeek-kYet9xLxvL5,1685394053123,5028
seatgeek-kYet9xLxvL5,1685394060778,5028
seatgeek-kYet9xLxvL5,1685394102841,5028
seatgeek-kYet9xLxvL5,1685394305087,5028
seatgeek-9P2c5JxJmg0,1685394053123,7829
seatgeek-9P2c5JxJmg0,1685394060778,7829
seatgeek-9P2c5JxJmg0,1685394102841,7829
seatgeek-EroUXlbX577,1685394053123,900
seatgeek-EroUXlbX577,1685394060778,900
seatgeek-EroUXlbX577,1685394102841,900
seatgeek-GAaI6pOpjno,1685394053123,4840
seatgeek-GAaI6pOpjno,1685394060778,4840
seatgeek-GAaI6pOpjno,1685394102841,4840
seatgeek-GAaI6pOpjno,1685394305087,4840
seatgeek-b4wUawwBpXN,1685394053123,733
seatgeek-b4wUawwBpXN,1685394060778,733
seatgeek-b4wUawwBpXN,1685394102841,733
seatgeek-b4wUawwBpXN,1685394305087,733
seatgeek-PX0sgoXX2Br,1685394053123,985
seatgeek-PX0sgoXX2Br,1685394060778,985
seatgeek-PX0sgoXX2Br,1685394102841,985
seatgeek-PX0sgoXX2Br,1685394305087,985
seatgeek-6mOhkPPq3DM,1685394053123,909
seatgeek-6mOhkPPq3DM,1685394060778,909
seatgeek-6mOhkPPq3DM,1685394102841,909
seatgeek-lxVsdaqdlVN,1685394053123,7829
seatgeek-lxVsdaqdlVN,1685394060778,7829
seatgeek-lxVsdaqdlVN,1685394102841,7829
seatgeek-lxVsdaqdlVN,1685394305087,7829
seatgeek-w3JseYqYKwo,1685394053123,726
seatgeek-w3JseYqYKwo,1685394060778,726
seatgeek-w3JseYqYKwo,1685394102841,726
seatgeek-w3JseYqYKwo,1685394305087,726
seatgeek-8lKt6E33loa,1685394053123,1903
seatgeek-8lKt6E33loa,1685394060778,1903
seatgeek-8lKt6E33loa,1685394102841,1903
seatgeek-8lKt6E33loa,1685394305087,1903
seatgeek-4vXcjOGOxVL,1685394053123,1901
seatgeek-4vXcjOGOxVL,1685394060778,1901
seatgeek-4vXcjOGOxVL,1685394102841,1901
seatgeek-4vXcjOGOxVL,1685394305087,1901
seatgeek-z3Es6oDbONR,1685394053123,604
seatgeek-z3Es6oDbONR,1685394060778,604
seatgeek-z3Es6oDbONR,1685394102841,604
seatgeek-z3Es6oDbONR,1685394305087,604
seatgeek-7KntAYYz5EN,1685394053123,1527
seatgeek-7KntAYYz5EN,1685394060778,1527
seatgeek-7KntAYYz5EN,1685394102841,1527
seatgeek-7KntAYYz5EN,1685394305087,1527
seatgeek-w3JseYqeGvX,1685394053123,1729
seatgeek-w3JseYqeGvX,1685394060778,1729
seatgeek-w3JseYqeGvX,1685394102841,1729
seatgeek-w3JseYqeGvX,1685394305087,1729
seatgeek-rVOHkeejVqK,1685394053123,2996
seatgeek-rVOHkeejVqK,1685394060778,2996
seatgeek-rVOHkeejVqK,1685394102841,2996
seatgeek-rVOHkeejVqK,1685394305087,2996
seatgeek-nx0srGGD9bG,1685394053123,5038
seatgeek-nx0srGGD9bG,1685394060778,5038
seatgeek-nx0srGGD9bG,1685394102841,5038
seatgeek-nx0srGGD9bG,1685394305087,5038
seatgeek-7KntAYeYVJx,1685394053123,1434
seatgeek-7KntAYeYVJx,1685394060778,1434
seatgeek-7KntAYeYVJx,1685394102841,1434
seatgeek-7KntAYeYVJx,1685394305087,1434
seatgeek-9P2c560ablM,1685394053123,4540
seatgeek-9P2c560ablM,1685394060778,4540
seatgeek-9P2c560ablM,1685394102841,4540
seatgeek-9P2c560ablM,1685394305087,4540
seatgeek-BALImeBBbVM,1685394053123,3832
seatgeek-BALImeBBbVM,1685394060778,3832
seatgeek-BALImeBBbVM,1685394102841,3832
seatgeek-BALImeBBbVM,1685394305087,3832
seatgeek-agktlkkZjzL,1685394053123,1814
seatgeek-agktlkkZjzL,1685394060778,1814
seatgeek-agktlkkZjzL,1685394102841,1814
seatgeek-agktlkkZjzL,1685394305087,1814
seatgeek-jDvsz6E67qR,1685394053123,785
seatgeek-jDvsz6E67qR,1685394060778,785
seatgeek-jDvsz6E67qR,1685394102841,785
seatgeek-jDvsz6E67qR,1685394305087,785
seatgeek-g48UraGGezP,1685394053123,883
seatgeek-g48UraGGezP,1685394060778,883
seatgeek-g48UraGGezP,1685394102841,883
seatgeek-g48UraGGezP,1685394305087,775
seatgeek-pVXHD6mmlKm,1685394053123,651
seatgeek-pVXHD6mmlKm,1685394060778,651
seatgeek-pVXHD6mmlKm,1685394102841,651
seatgeek-pVXHD6mmlKm,1685394305087,651
seatgeek-agktlkEXLOd,1685394053123,774
seatgeek-agktlkEXLOd,1685394060778,774
seatgeek-agktlkEXLOd,1685394102841,774
seatgeek-agktlkEXLOd,1685394305087,774
seatgeek-g48UraaqB0P,1685394053123,4411
seatgeek-g48UraaqB0P,1685394060778,4411
seatgeek-g48UraaqB0P,1685394102841,4411
seatgeek-g48UraaqB0P,1685394305087,4411
seatgeek-lxVsdaaJKnR,1685394053123,860
seatgeek-lxVsdaaJKnR,1685394060778,860
seatgeek-lxVsdaaJKnR,1685394102841,860
seatgeek-lxVsdaaJKnR,1685394305087,860
seatgeek-GAaI6ppjN4g,1685394053123,939
seatgeek-GAaI6ppjN4g,1685394060778,939
seatgeek-GAaI6ppjN4g,1685394102841,939
seatgeek-GAaI6ppjN4g,1685394305087,939
seatgeek-4vXcjOGG4AG,1685394053123,1937
seatgeek-4vXcjOGG4AG,1685394060778,1937
seatgeek-4vXcjOGG4AG,1685394102841,1937
seatgeek-4vXcjOGG4AG,1685394305087,1937
seatgeek-O7Ahwgkw0ME,1685394053123,681
seatgeek-O7Ahwgkw0ME,1685394060778,681
seatgeek-O7Ahwgkw0ME,1685394102841,681
seatgeek-O7Ahwgkw0ME,1685394305087,681
seatgeek-qVjH2w72J3R,1685394053123,694
seatgeek-qVjH2w72J3R,1685394060778,694
seatgeek-qVjH2w72J3R,1685394102841,694
seatgeek-qVjH2w72J3R,1685394305087,694
seatgeek-PX0sgo5oBM5,1685394053123,1623
seatgeek-PX0sgo5oBM5,1685394060778,1623
seatgeek-PX0sgo5oBM5,1685394102841,1623
seatgeek-PX0sgo5oBM5,1685394305087,1623
seatgeek-PX0sgoXX0pk,1685394053123,608
seatgeek-PX0sgoXX0pk,1685394060778,608
seatgeek-PX0sgoXX0pk,1685394102841,608
seatgeek-PX0sgoXX0pk,1685394305087,608
seatgeek-w3JseYDDb2B,1685394053123,2992
seatgeek-w3JseYDDb2B,1685394060778,2992
seatgeek-w3JseYDDb2B,1685394102841,2992
seatgeek-w3JseYDDb2B,1685394305087,2992
seatgeek-dNgUgVZZVlz,1685394053123,1682
seatgeek-dNgUgVZZVlz,1685394060778,1682
seatgeek-dNgUgVZZVlz,1685394102841,1682
seatgeek-dNgUgVZZVlz,1685394305087,1682
seatgeek-7KntAYY9Vzz,1685394053123,1443
seatgeek-7KntAYY9Vzz,1685394060778,1443
seatgeek-7KntAYY9Vzz,1685394102841,1443
seatgeek-7KntAYY9Vzz,1685394305087,1443
seatgeek-jDvsz6EzZq6,1685394053123,1021
seatgeek-jDvsz6EzZq6,1685394060778,925
seatgeek-jDvsz6EzZq6,1685394102841,925
seatgeek-jDvsz6EzZq6,1685394305087,925
seatgeek-vb3iPRRnBAA,1685394053123,2148
seatgeek-vb3iPRRnBAA,1685394060778,2148
seatgeek-vb3iPRRnBAA,1685394102841,2148
seatgeek-vb3iPRRnBAA,1685394305087,2148
seatgeek-3q7fNqvN52G,1685394053123,678
seatgeek-3q7fNqvN52G,1685394060778,678
seatgeek-3q7fNqvN52G,1685394102841,678
seatgeek-dNgUgVVqMvR,1685394053123,1314
seatgeek-dNgUgVVqMvR,1685394060778,1314
seatgeek-dNgUgVVqMvR,1685394102841,1314
seatgeek-dNgUgVVqMvR,1685394305087,1314
seatgeek-Zm9hvAAGPzM,1685394053123,691
seatgeek-Zm9hvAAGPzM,1685394060778,691
seatgeek-Zm9hvAAGPzM,1685394102841,691
seatgeek-Zm9hvAAGPzM,1685394305087,691
seatgeek-ROXHzPPaLAn,1685394053123,2488
seatgeek-ROXHzPPaLAn,1685394060778,2488
seatgeek-ROXHzPPaLAn,1685394102841,2417
seatgeek-ROXHzPPaLAn,1685394305087,2417
seatgeek-YgJtk8qqVOz,1685394053123,3011
seatgeek-YgJtk8qqVOz,1685394060778,3011
seatgeek-YgJtk8qqVOz,1685394102841,3011
seatgeek-YgJtk8qqVOz,1685394305087,3011
seatgeek-g48UraaqvpN,1685394053123,660
seatgeek-g48UraaqvpN,1685394060778,660
seatgeek-g48UraaqvpN,1685394102841,660
seatgeek-g48UraaqvpN,1685394305087,645
seatgeek-JABI3l53DJO,1685394053123,633
seatgeek-JABI3l53DJO,1685394060778,633
seatgeek-JABI3l53DJO,1685394102841,633
seatgeek-JABI3l53DJO,1685394305087,607
seatgeek-oV7HbZaZGP8,1685394053123,712
seatgeek-oV7HbZaZGP8,1685394060778,712
seatgeek-oV7HbZaZGP8,1685394102841,712
seatgeek-oV7HbZaZGP8,1685394305087,712
seatgeek-oV7HbZaZG6X,1685394053123,3457
seatgeek-oV7HbZaZG6X,1685394060778,3457
seatgeek-oV7HbZaZG6X,1685394102841,3457
seatgeek-oV7HbZaZG6X,1685394305087,3457
seatgeek-X03tK660oJk,1685394053123,581
seatgeek-X03tK660oJk,1685394060778,581
seatgeek-X03tK660oJk,1685394102841,581
seatgeek-X03tK660oJk,1685394305087,581
seatgeek-kYet9xLxvjY,1685394053123,781
seatgeek-kYet9xLxvjY,1685394060778,781
seatgeek-kYet9xLxvjY,1685394102841,781
seatgeek-kYet9xLxvjY,1685394305087,781
seatgeek-agktlkkaZzV,1685394053123,618
seatgeek-agktlkkaZzV,1685394060778,618
seatgeek-agktlkkaZzV,1685394102841,618
seatgeek-MAeIPaBBbGD,1685394053123,1520
seatgeek-MAeIPaBBbGD,1685394060778,1520
seatgeek-MAeIPaBBbGD,1685394102841,1520
seatgeek-MAeIPaBBbGD,1685394305087,1285
seatgeek-2v0czvlvEb5,1685394053123,2680
seatgeek-2v0czvlvEb5,1685394060778,2680
seatgeek-2v0czvlvEb5,1685394102841,2680
seatgeek-2v0czvlvEb5,1685394305087,2680
seatgeek-JABI3l5lAYD,1685394053123,6381
seatgeek-JABI3l5lAYD,1685394060778,6381
seatgeek-JABI3l5lAYD,1685394102841,6381
seatgeek-JABI3l5lAYD,1685394305087,6381
seatgeek-oV7HbZaaRBe,1685394053123,3328
seatgeek-oV7HbZaaRBe,1685394060778,3328
seatgeek-oV7HbZaaRBe,1685394102841,3328
seatgeek-oV7HbZaaRBe,1685394305087,3328
seatgeek-MAeIPaBjVxq,1685394053123,4324
seatgeek-MAeIPaBjVxq,1685394060778,4324
seatgeek-MAeIPaBjVxq,1685394102841,4324
seatgeek-LbviLvv4z76,1685394053123,3832
seatgeek-LbviLvv4z76,1685394060778,3832
seatgeek-LbviLvv4z76,1685394102841,3832
seatgeek-LbviLvv4z76,1685394305087,3832
seatgeek-8lKt6E33Row,1685394053123,1022
seatgeek-8lKt6E33Row,1685394060778,1022
seatgeek-8lKt6E33Row,1685394102841,1022
seatgeek-8lKt6E33Row,1685394305087,1022
seatgeek-7KntAYYrLvq,1685394053123,927
seatgeek-7KntAYYrLvq,1685394060778,927
seatgeek-7KntAYYrLvq,1685394102841,927
seatgeek-7KntAYYrLvq,1685394305087,927
seatgeek-A6rs2kkO3Gj,1685394053123,1739
seatgeek-A6rs2kkO3Gj,1685394060778,1739
seatgeek-A6rs2kkO3Gj,1685394102841,1739
seatgeek-A6rs2kkO3Gj,1685394305087,1739
seatgeek-GAaI6prrY27,1685394053123,2247
seatgeek-GAaI6prrY27,1685394060778,2247
seatgeek-GAaI6prrY27,1685394102841,2247
seatgeek-GAaI6prrY27,1685394305087,2247
seatgeek-eeacK766Y28,1685394053123,2388
seatgeek-eeacK766Y28,1685394060778,2388
seatgeek-eeacK766Y28,1685394102841,2267
seatgeek-eeacK766Y28,1685394305087,2267
seatgeek-w3JseYYrmJX,1685394053123,3648
seatgeek-w3JseYYrmJX,1685394060778,3648
seatgeek-w3JseYYrmJX,1685394102841,3648
seatgeek-w3JseYYrmJX,1685394305087,3648
seatgeek-w3JseYYZk70,1685394053123,927
seatgeek-w3JseYYZk70,1685394060778,927
seatgeek-w3JseYYZk70,1685394102841,927
seatgeek-w3JseYYZk70,1685394305087,927
seatgeek-mxAs4BLp5oG,1685394053123,1560
seatgeek-mxAs4BLp5oG,1685394060778,1560
seatgeek-mxAs4BLp5oG,1685394102841,1560
seatgeek-mxAs4BLp5oG,1685394305087,1473
seatgeek-rVOHkeeVeO9,1685394053123,945
seatgeek-rVOHkeeVeO9,1685394060778,945
seatgeek-rVOHkeeVeO9,1685394102841,945
seatgeek-rVOHkeeVeO9,1685394305087,945
seatgeek-w3JseYY7mpm,1685394053123,2884
seatgeek-w3JseYY7mpm,1685394060778,2884
seatgeek-w3JseYY7mpm,1685394102841,2884
seatgeek-w3JseYY7mpm,1685394305087,2884
seatgeek-Zm9hvA66lb0,1685394053123,920
seatgeek-Zm9hvA66lb0,1685394060778,920
seatgeek-Zm9hvA66lb0,1685394102841,920
seatgeek-Zm9hvA66lb0,1685394305087,920
seatgeek-GAaI6ppA0gA,1685394053123,646
seatgeek-GAaI6ppA0gA,1685394060778,646
seatgeek-GAaI6ppA0gA,1685394102841,646
seatgeek-GAaI6ppA0gA,1685394305087,646
seatgeek-qVjH2w77M89,1685394053123,885
seatgeek-qVjH2w77M89,1685394060778,885
seatgeek-qVjH2w77M89,1685394102841,885
seatgeek-YgJtk8q8a40,1685394053123,13076
seatgeek-YgJtk8q8a40,1685394060778,13076
seatgeek-YgJtk8q8a40,1685394102841,13076
seatgeek-YgJtk8q8a40,1685394305087,13076
seatgeek-MAeIPaaJNBK,1685394053123,694
seatgeek-MAeIPaaJNBK,1685394060778,694
seatgeek-MAeIPaaJNBK,1685394102841,694
seatgeek-MAeIPaaJNBK,1685394305087,694
seatgeek-X03tK662RKg,1685394053123,2029
seatgeek-X03tK662RKg,1685394060778,2029
seatgeek-X03tK662RKg,1685394102841,2029
seatgeek-X03tK662RKg,1685394305087,2029
seatgeek-NrqUvaaeLRv,1685394053123,4360
seatgeek-NrqUvaaeLRv,1685394060778,4360
seatgeek-NrqUvaaeLRv,1685394102841,4360
seatgeek-NrqUvaaeLRv,1685394305087,4360
seatgeek-oV7HbZaZG4p,1685394053123,946
seatgeek-oV7HbZaZG4p,1685394060778,946
seatgeek-oV7HbZaZG4p,1685394102841,946
seatgeek-oV7HbZaZG4p,1685394305087,946
seatgeek-DdwHkPzzgNP,1685394053123,1407
seatgeek-DdwHkPzzgNP,1685394060778,1407
seatgeek-DdwHkPzzgNP,1685394102841,1407
seatgeek-DdwHkPzzgNP,1685394305087,1407
seatgeek-2v0czvlzwEZ,1685394053123,1116
seatgeek-2v0czvlzwEZ,1685394060778,1116
seatgeek-2v0czvlzwEZ,1685394102841,1116
seatgeek-2v0czvlzwEZ,1685394305087,1116
seatgeek-pVXHD6B6JjK,1685394053123,650
seatgeek-pVXHD6B6JjK,1685394060778,650
seatgeek-pVXHD6B6JjK,1685394102841,650
seatgeek-pVXHD6B6JjK,1685394305087,650
seatgeek-nx0srGGME9w,1685394053123,893
seatgeek-nx0srGGME9w,1685394060778,893
seatgeek-nx0srGGME9w,1685394102841,893
seatgeek-nx0srGGME9w,1685394305087,893
seatgeek-EroUXllVl4n,1685394053123,2197
seatgeek-EroUXllVl4n,1685394060778,2197
seatgeek-EroUXllVl4n,1685394102841,2197
seatgeek-EroUXllVl4n,1685394305087,2197
seatgeek-rVOHke8egE2,1685394053123,1605
seatgeek-rVOHke8egE2,1685394060778,1605
seatgeek-rVOHke8egE2,1685394102841,1605
seatgeek-rVOHke8egE2,1685394305087,1605
seatgeek-w3JseYYPlJD,1685394053123,2609
seatgeek-w3JseYYPlJD,1685394060778,2609
seatgeek-w3JseYYPlJD,1685394102841,2609
seatgeek-w3JseYYPlJD,1685394305087,2609
seatgeek-z3Es6ooKz0r,1685394053123,1055
seatgeek-z3Es6ooKz0r,1685394060778,1055
seatgeek-z3Es6ooKz0r,1685394102841,1055
seatgeek-z3Es6ooKz0r,1685394305087,1055
seatgeek-A6rs2knngd0,1685394053123,1035
seatgeek-A6rs2knngd0,1685394060778,1035
seatgeek-A6rs2knngd0,1685394102841,1035
seatgeek-A6rs2knngd0,1685394305087,835
seatgeek-5EjuZ88Y8od,1685394053123,927
seatgeek-5EjuZ88Y8od,1685394060778,927
seatgeek-5EjuZ88Y8od,1685394102841,927
seatgeek-DdwHkPPL3ll,1685394053123,2408
seatgeek-DdwHkPPL3ll,1685394060778,2408
seatgeek-DdwHkPPL3ll,1685394102841,2408
seatgeek-DdwHkPPL3ll,1685394305087,2408
seatgeek-4vXcjOGGJ7m,1685394053123,1024
seatgeek-4vXcjOGGJ7m,1685394060778,1024
seatgeek-4vXcjOGGJ7m,1685394102841,1024
seatgeek-4vXcjOGGJ7m,1685394305087,1024
seatgeek-BALImeBewwR,1685394053123,7829
seatgeek-BALImeBewwR,1685394060778,7829
seatgeek-BALImeBewwR,1685394102841,7829
seatgeek-BALImeBewwR,1685394305087,7829
seatgeek-DdwHkPPpRng,1685394053123,1116
seatgeek-DdwHkPPpRng,1685394060778,1116
seatgeek-DdwHkPPpRng,1685394102841,1116
seatgeek-DdwHkPPpRng,1685394305087,1116
seatgeek-w3JseYqqza8,1685394053123,868
seatgeek-w3JseYqqza8,1685394060778,868
seatgeek-w3JseYqqza8,1685394102841,868
seatgeek-w3JseYqqza8,1685394305087,868
seatgeek-LbviLvvP6d9,1685394053123,1011
seatgeek-LbviLvvP6d9,1685394060778,1011
seatgeek-LbviLvvP6d9,1685394102841,1011
seatgeek-LbviLvvP6d9,1685394305087,1011
seatgeek-Kezcz5r5wK7,1685394053123,668
seatgeek-Kezcz5r5wK7,1685394060778,668
seatgeek-Kezcz5r5wK7,1685394102841,668
seatgeek-Kezcz5r5wK7,1685394305087,668
seatgeek-5EjuZ8q3dbl,1685394053123,8230
seatgeek-5EjuZ8q3dbl,1685394060778,8230
seatgeek-5EjuZ8q3dbl,1685394102841,8230
seatgeek-5EjuZ8q3dbl,1685394305087,8230
seatgeek-LbviLvv4xgG,1685394053123,904
seatgeek-LbviLvv4xgG,1685394060778,904
seatgeek-LbviLvv4xgG,1685394102841,904
seatgeek-LbviLvv4xgG,1685394305087,904
seatgeek-V4KU0bbwlLR,1685394053123,1198
seatgeek-V4KU0bbwlLR,1685394060778,1198
seatgeek-V4KU0bbwlLR,1685394102841,1198
seatgeek-V4KU0bbwlLR,1685394305087,1198
seatgeek-z3Es6oDo3R8,1685394053123,3131
seatgeek-z3Es6oDo3R8,1685394060778,3131
seatgeek-z3Es6oDo3R8,1685394102841,3131
seatgeek-z3Es6oDo3R8,1685394305087,3131
seatgeek-oV7HbZaagXe,1685394053123,877
seatgeek-oV7HbZaagXe,1685394060778,877
seatgeek-oV7HbZaagXe,1685394102841,877
seatgeek-oV7HbZaagXe,1685394305087,877
seatgeek-BALImeBe63Z,1685394053123,859
seatgeek-BALImeBe63Z,1685394060778,859
seatgeek-BALImeBe63Z,1685394102841,859
seatgeek-BALImeBe63Z,1685394305087,859
seatgeek-O7Ahwgkgeoj,1685394053123,7829
seatgeek-O7Ahwgkgeoj,1685394060778,7829
seatgeek-O7Ahwgkgeoj,1685394102841,7829
seatgeek-O7Ahwgkgeoj,1685394305087,7829
seatgeek-Zm9hvA6vkoe,1685394053123,657
seatgeek-Zm9hvA6vkoe,1685394060778,657
seatgeek-Zm9hvA6vkoe,1685394102841,657
seatgeek-Zm9hvA6vkoe,1685394305087,657
seatgeek-7KntAYYvbkq,1685394053123,878
seatgeek-7KntAYYvbkq,1685394060778,878
seatgeek-7KntAYYvbkq,1685394102841,878
seatgeek-7KntAYYvbkq,1685394305087,878
seatgeek-PX0sgooER9e,1685394053123,885
seatgeek-PX0sgooER9e,1685394060778,885
seatgeek-PX0sgooER9e,1685394102841,885
seatgeek-PX0sgooER9e,1685394305087,885
seatgeek-oV7HbZaZMMq,1685394053123,650
seatgeek-oV7HbZaZMMq,1685394060778,650
seatgeek-oV7HbZaZMMq,1685394102841,650
seatgeek-oV7HbZaZMMq,1685394305087,650
seatgeek-V4KU0bmb77a,1685394053123,7829
seatgeek-V4KU0bmb77a,1685394060778,7829
seatgeek-V4KU0bmb77a,1685394102841,7829
seatgeek-V4KU0bmb77a,1685394305087,7829
seatgeek-w3JseYqYeYn,1685394053123,642
seatgeek-w3JseYqYeYn,1685394060778,642
seatgeek-w3JseYqYeYn,1685394102841,642
seatgeek-w3JseYqYeYn,1685394305087,642
seatgeek-05VT8eReEZj,1685394053123,3966
seatgeek-05VT8eReEZj,1685394060778,3966
seatgeek-05VT8eReEZj,1685394102841,3966
seatgeek-05VT8eReEZj,1685394305087,3966
seatgeek-EroUXlbbRPr,1685394053123,2422
seatgeek-EroUXlbbRPr,1685394060778,2422
seatgeek-EroUXlbbRPr,1685394102841,2422
seatgeek-EroUXlbbRPr,1685394305087,2422
seatgeek-LbviLvXLqYL,1685394053123,712
seatgeek-LbviLvXLqYL,1685394060778,712
seatgeek-LbviLvXLqYL,1685394102841,712
seatgeek-LbviLvXLqYL,1685394305087,712
seatgeek-9P2c5JxxPaB,1685394053123,2726
seatgeek-9P2c5JxxPaB,1685394060778,2726
seatgeek-9P2c5JxxPaB,1685394102841,2726
seatgeek-9P2c5JxxPaB,1685394305087,2726
seatgeek-LbviLvvVz7K,1685394053123,3026
seatgeek-LbviLvvVz7K,1685394060778,3026
seatgeek-LbviLvvVz7K,1685394102841,3026
seatgeek-LbviLvvVz7K,1685394305087,3026
seatgeek-LbviLvvP5e6,1685394053123,2013
seatgeek-LbviLvvP5e6,1685394060778,2013
seatgeek-LbviLvvP5e6,1685394102841,2013
seatgeek-YgJtk8qqGEk,1685394053123,1021
seatgeek-YgJtk8qqGEk,1685394060778,1021
seatgeek-YgJtk8qqGEk,1685394102841,1021
seatgeek-YgJtk8qqGEk,1685394305087,1021
seatgeek-MAeIPaBBXv9,1685394053123,1413
seatgeek-MAeIPaBBXv9,1685394060778,1413
seatgeek-MAeIPaBBXv9,1685394102841,1413
seatgeek-MAeIPaBBXv9,1685394305087,1413
seatgeek-6mOhkPKKaDl,1685394053123,4168
seatgeek-6mOhkPKKaDl,1685394060778,4168
seatgeek-6mOhkPKKaDl,1685394102841,4168
seatgeek-6mOhkPKKaDl,1685394305087,4168
seatgeek-8lKt6E33reX,1685394053123,968
seatgeek-8lKt6E33reX,1685394060778,968
seatgeek-8lKt6E33reX,1685394102841,968
seatgeek-8lKt6E33reX,1685394305087,968
seatgeek-A6rs2kkbJGK,1685394053123,868
seatgeek-A6rs2kkbJGK,1685394060778,868
seatgeek-A6rs2kkbJGK,1685394102841,868
seatgeek-A6rs2kkbJGK,1685394305087,868
seatgeek-7KntAYeJbmP,1685394053123,1221
seatgeek-7KntAYeJbmP,1685394060778,1221
seatgeek-7KntAYeJbmP,1685394102841,1221
seatgeek-7KntAYeJbmP,1685394305087,1221
seatgeek-Kezcz5rr5OD,1685394053123,1730
seatgeek-Kezcz5rr5OD,1685394060778,1730
seatgeek-Kezcz5rr5OD,1685394102841,1730
seatgeek-Kezcz5rr5OD,1685394305087,1730
seatgeek-X03tK669g7j,1685394053123,1282
seatgeek-X03tK669g7j,1685394060778,1282
seatgeek-X03tK669g7j,1685394102841,1282
seatgeek-X03tK669g7j,1685394305087,1282
seatgeek-Kezcz5r5wdV,1685394053123,946
seatgeek-Kezcz5r5wdV,1685394060778,946
seatgeek-Kezcz5r5wdV,1685394102841,946
seatgeek-Kezcz5r5wdV,1685394305087,946
seatgeek-rVOHke8keK4,1685394053123,1217
seatgeek-rVOHke8keK4,1685394060778,1217
seatgeek-rVOHke8keK4,1685394102841,1217
seatgeek-rVOHke8keK4,1685394305087,1217
seatgeek-LbviLvXXo2G,1685394053123,856
seatgeek-LbviLvXXo2G,1685394060778,856
seatgeek-LbviLvXXo2G,1685394102841,856
seatgeek-LbviLvXXo2G,1685394305087,856
seatgeek-Kezcz5rzlLp,1685394053123,4172
seatgeek-Kezcz5rzlLp,1685394060778,3775
seatgeek-Kezcz5rzlLp,1685394102841,3775
seatgeek-Kezcz5rzlLp,1685394305087,3775
seatgeek-agktlkkANXR,1685394053123,833
seatgeek-agktlkkANXR,1685394060778,833
seatgeek-agktlkkANXR,1685394102841,833
seatgeek-agktlkkANXR,1685394305087,833
seatgeek-JABI3l55DdL,1685394053123,4899
seatgeek-JABI3l55DdL,1685394060778,4899
seatgeek-JABI3l55DdL,1685394102841,4899
seatgeek-JABI3l55DdL,1685394305087,4899
seatgeek-6mOhkPKKKxv,1685394053123,1020
seatgeek-6mOhkPKKKxv,1685394060778,1020
seatgeek-6mOhkPKKKxv,1685394102841,1020
seatgeek-6mOhkPKKKxv,1685394305087,1020
seatgeek-w3JseYqqoR8,1685394053123,884
seatgeek-w3JseYqqoR8,1685394060778,884
seatgeek-w3JseYqqoR8,1685394102841,884
seatgeek-w3JseYqqoR8,1685394305087,884
seatgeek-oV7HbZaa5GO,1685394053123,1641
seatgeek-oV7HbZaa5GO,1685394060778,1641
seatgeek-oV7HbZaa5GO,1685394102841,1641
seatgeek-oV7HbZaa5GO,1685394305087,1641
seatgeek-2v0czvYv0k9,1685394053123,1605
seatgeek-2v0czvYv0k9,1685394060778,1605
seatgeek-2v0czvYv0k9,1685394102841,1593
seatgeek-2v0czvYv0k9,1685394305087,1593
seatgeek-JABI3ll6zGK,1685394053123,8641
seatgeek-JABI3ll6zGK,1685394060778,8641
seatgeek-JABI3ll6zGK,1685394102841,8641
seatgeek-JABI3ll6zGK,1685394305087,8641
seatgeek-5EjuZ8qZkBn,1685394053123,3144
seatgeek-5EjuZ8qZkBn,1685394060778,3144
seatgeek-5EjuZ8qZkBn,1685394102841,3144
seatgeek-5EjuZ8qZkBn,1685394305087,3144
seatgeek-6mOhkPPE7Gw,1685394053123,2012
seatgeek-6mOhkPPE7Gw,1685394060778,2012
seatgeek-6mOhkPPE7Gw,1685394102841,2012
seatgeek-6mOhkPPE7Gw,1685394305087,2012
seatgeek-z3Es6ooKGDK,1685394053123,967
seatgeek-z3Es6ooKGDK,1685394060778,967
seatgeek-z3Es6ooKGDK,1685394102841,967
seatgeek-z3Es6ooKGDK,1685394305087,967
seatgeek-PX0sgoolRXg,1685394053123,969
seatgeek-PX0sgoolRXg,1685394060778,969
seatgeek-PX0sgoolRXg,1685394102841,969
seatgeek-PX0sgoolRXg,1685394305087,969
seatgeek-qVjH2ww8VNm,1685394053123,2520
seatgeek-qVjH2ww8VNm,1685394060778,2520
seatgeek-qVjH2ww8VNm,1685394102841,2520
seatgeek-qVjH2ww8VNm,1685394305087,2520
seatgeek-b4wUaww0rpN,1685394053123,702
seatgeek-b4wUaww0rpN,1685394060778,702
seatgeek-b4wUaww0rpN,1685394102841,702
seatgeek-b4wUaww0rpN,1685394305087,702
seatgeek-5EjuZ8qq0lq,1685394053123,1565
seatgeek-5EjuZ8qq0lq,1685394060778,1565
seatgeek-5EjuZ8qq0lq,1685394102841,1565
seatgeek-5EjuZ8qq0lq,1685394305087,1478
seatgeek-vb3iPRYYb7g,1685394053123,2000
seatgeek-vb3iPRYYb7g,1685394060778,2000
seatgeek-vb3iPRYYb7g,1685394102841,2000
seatgeek-vb3iPRYYb7g,1685394305087,2000
seatgeek-MAeIPaBBO6D,1685394053123,5472
seatgeek-MAeIPaBBO6D,1685394060778,5472
seatgeek-MAeIPaBBO6D,1685394102841,5472
seatgeek-MAeIPaBBO6D,1685394305087,5472
seatgeek-mxAs4BLB67D,1685394053123,802
seatgeek-mxAs4BLB67D,1685394060778,802
seatgeek-mxAs4BLB67D,1685394102841,802
seatgeek-mxAs4BLB67D,1685394305087,802
seatgeek-w3JseYqDdol,1685394053123,4717
seatgeek-w3JseYqDdol,1685394060778,4717
seatgeek-w3JseYqDdol,1685394102841,4717
seatgeek-w3JseYqDdol,1685394305087,4717
seatgeek-6mOhkPPEY9M,1685394053123,725
seatgeek-6mOhkPPEY9M,1685394060778,725
seatgeek-6mOhkPPEY9M,1685394102841,725
seatgeek-6mOhkPPEY9M,1685394305087,725
seatgeek-w3JseYqDBdm,1685394053123,8231
seatgeek-w3JseYqDBdm,1685394060778,8231
seatgeek-w3JseYqDBdm,1685394102841,8231
seatgeek-w3JseYqDBdm,1685394305087,8231
seatgeek-9P2c5JxJ5JR,1685394053123,638
seatgeek-9P2c5JxJ5JR,1685394060778,638
seatgeek-9P2c5JxJ5JR,1685394102841,638
seatgeek-9P2c5JxJ5JR,1685394305087,638
seatgeek-pVXHD66epR4,1685394053123,890
seatgeek-pVXHD66epR4,1685394060778,890
seatgeek-pVXHD66epR4,1685394102841,890
seatgeek-pVXHD66epR4,1685394305087,890
seatgeek-nx0srGG4NOm,1685394053123,822
seatgeek-nx0srGG4NOm,1685394060778,822
seatgeek-nx0srGG4NOm,1685394102841,822
seatgeek-nx0srGG4NOm,1685394305087,822
seatgeek-z3Es6ooelrN,1685394053123,1316
seatgeek-z3Es6ooelrN,1685394060778,1316
seatgeek-z3Es6ooelrN,1685394102841,1316
seatgeek-z3Es6ooelrN,1685394305087,1316
seatgeek-JABI3ll2Jx6,1685394053123,1870
seatgeek-JABI3ll2Jx6,1685394060778,1870
seatgeek-JABI3ll2Jx6,1685394102841,1870
seatgeek-JABI3ll2Jx6,1685394305087,1870
seatgeek-9P2c5JJe2Do,1685394053123,5352
seatgeek-9P2c5JJe2Do,1685394060778,5352
seatgeek-9P2c5JJe2Do,1685394102841,5352
seatgeek-9P2c5JJe2Do,1685394305087,5352
seatgeek-EroUXlbbz0G,1685394053123,902
seatgeek-EroUXlbbz0G,1685394060778,902
seatgeek-EroUXlbbz0G,1685394102841,902
seatgeek-EroUXlbbz0G,1685394305087,902
seatgeek-lxVsdaqqrdl,1685394053123,955
seatgeek-lxVsdaqqrdl,1685394060778,955
seatgeek-lxVsdaqqrdl,1685394102841,955
seatgeek-lxVsdaqqrdl,1685394305087,955
seatgeek-GAaI6pOOgrK,1685394053123,791
seatgeek-GAaI6pOOgrK,1685394060778,791
seatgeek-GAaI6pOOgrK,1685394102841,791
seatgeek-GAaI6pOOgrK,1685394305087,791
seatgeek-7KntAYeAPkv,1685394053123,3776
seatgeek-7KntAYeAPkv,1685394060778,3776
seatgeek-7KntAYeAPkv,1685394102841,3776
seatgeek-7KntAYeAPkv,1685394305087,3776
seatgeek-g48UraGGZpe,1685394053123,874
seatgeek-g48UraGGZpe,1685394060778,874
seatgeek-g48UraGGZpe,1685394102841,874
seatgeek-g48UraGGZpe,1685394305087,835
seatgeek-rVOHke88Dwz,1685394053123,829
seatgeek-rVOHke88Dwz,1685394060778,829
seatgeek-rVOHke88Dwz,1685394102841,829
seatgeek-rVOHke88Dwz,1685394305087,829
seatgeek-8lKt6EEVXN2,1685394053123,1085
seatgeek-8lKt6EEVXN2,1685394060778,1085
seatgeek-8lKt6EEVXN2,1685394102841,1085
seatgeek-8lKt6EEVXN2,1685394305087,1085
seatgeek-5EjuZ88wL0z,1685394053123,748
seatgeek-5EjuZ88wL0z,1685394060778,748
seatgeek-5EjuZ88wL0z,1685394102841,748
seatgeek-5EjuZ88wL0z,1685394305087,748
seatgeek-dNgUgVZgM3L,1685394053123,1002
seatgeek-dNgUgVZgM3L,1685394060778,1002
seatgeek-dNgUgVZgM3L,1685394102841,1002
seatgeek-dNgUgVZgM3L,1685394305087,1002
seatgeek-6mOhkPKK4DV,1685394053123,737
seatgeek-6mOhkPKK4DV,1685394060778,737
seatgeek-6mOhkPKK4DV,1685394102841,737
seatgeek-6mOhkPKK4DV,1685394305087,720
seatgeek-xb9imoaa6P4,1685394053123,1406
seatgeek-xb9imoaa6P4,1685394060778,1406
seatgeek-xb9imoaa6P4,1685394102841,1406
seatgeek-xb9imoaa6P4,1685394305087,1406
seatgeek-nx0srGGXdVZ,1685394053123,6265
seatgeek-nx0srGGXdVZ,1685394060778,6265
seatgeek-nx0srGGXdVZ,1685394102841,6265
seatgeek-nx0srGGXdVZ,1685394305087,6265
seatgeek-A6rs2knkkPe,1685394053123,2240
seatgeek-A6rs2knkkPe,1685394060778,2240
seatgeek-A6rs2knkkPe,1685394102841,2240
seatgeek-A6rs2knkkPe,1685394305087,2240
seatgeek-GAaI6ppEXmN,1685394053123,3820
seatgeek-GAaI6ppEXmN,1685394060778,3820
seatgeek-GAaI6ppEXmN,1685394102841,3820
seatgeek-GAaI6ppEXmN,1685394305087,3820
seatgeek-pVXHD6BB0kA,1685394053123,2776
seatgeek-pVXHD6BB0kA,1685394060778,2776
seatgeek-pVXHD6BB0kA,1685394102841,2696
seatgeek-pVXHD6BB0kA,1685394305087,2696
seatgeek-kYet9xxneMr,1685394053123,3380
seatgeek-kYet9xxneMr,1685394060778,3380
seatgeek-kYet9xxneMr,1685394102841,3380
seatgeek-kYet9xxneMr,1685394305087,3380
seatgeek-DdwHkPPLKzq,1685394053123,781
seatgeek-DdwHkPPLKzq,1685394060778,781
seatgeek-DdwHkPPLKzq,1685394102841,781
seatgeek-DdwHkPPLKzq,1685394305087,781
seatgeek-eeacK77EXN3,1685394053123,1412
seatgeek-eeacK77EXN3,1685394060778,1412
seatgeek-eeacK77EXN3,1685394102841,1412
seatgeek-eeacK77EXN3,1685394305087,1412
seatgeek-2v0czvlvZk9,1685394053123,6088
seatgeek-2v0czvlvZk9,1685394060778,6088
seatgeek-2v0czvlvZk9,1685394102841,6088
seatgeek-2v0czvlvZk9,1685394305087,6088
seatgeek-NrqUvaJJorY,1685394053123,1713
seatgeek-NrqUvaJJorY,1685394060778,1713
seatgeek-NrqUvaJJorY,1685394102841,1713
seatgeek-NrqUvaJJorY,1685394305087,1713
seatgeek-7KntAYeeYqx,1685394053123,1528
seatgeek-7KntAYeeYqx,1685394060778,1528
seatgeek-7KntAYeeYqx,1685394102841,1528
seatgeek-7KntAYeeYqx,1685394305087,1528
seatgeek-agktlkkZ7kG,1685394053123,930
seatgeek-agktlkkZ7kG,1685394060778,930
seatgeek-agktlkkZ7kG,1685394102841,930
seatgeek-agktlkkZ7kG,1685394305087,930
seatgeek-oV7HbZZkxZX,1685394053123,5471
seatgeek-oV7HbZZkxZX,1685394060778,5471
seatgeek-oV7HbZZkxZX,1685394102841,5471
seatgeek-oV7HbZZkxZX,1685394305087,5471
seatgeek-mxAs4BLB0oK,1685394053123,1640
seatgeek-mxAs4BLB0oK,1685394060778,1640
seatgeek-mxAs4BLB0oK,1685394102841,1640
seatgeek-mxAs4BLB0oK,1685394305087,1640
seatgeek-w3JseYqq3RE,1685394053123,831
seatgeek-w3JseYqq3RE,1685394060778,831
seatgeek-w3JseYqq3RE,1685394102841,831
seatgeek-w3JseYqq3RE,1685394305087,831
seatgeek-EroUXllkBzN,1685394053123,6276
seatgeek-EroUXllkBzN,1685394060778,6276
seatgeek-EroUXllkBzN,1685394102841,6276
seatgeek-EroUXllkBzN,1685394305087,6276
seatgeek-9P2c5JxxPZe,1685394053123,2062
seatgeek-9P2c5JxxPZe,1685394060778,2062
seatgeek-9P2c5JxxPZe,1685394102841,2062
seatgeek-9P2c5JxxPZe,1685394305087,2062
seatgeek-MAeIPaamZAV,1685394053123,1022
seatgeek-MAeIPaamZAV,1685394060778,1022
seatgeek-MAeIPaamZAV,1685394102841,1022
seatgeek-MAeIPaamZAV,1685394305087,1022
seatgeek-2v0czvlvMr4,1685394053123,1931
seatgeek-2v0czvlvMr4,1685394060778,1931
seatgeek-2v0czvlvMr4,1685394102841,1931
seatgeek-2v0czvlvMr4,1685394305087,1931
seatgeek-JABI3l55aqL,1685394053123,1314
seatgeek-JABI3l55aqL,1685394060778,1314
seatgeek-JABI3l55aqL,1685394102841,1314
seatgeek-JABI3l55aqL,1685394305087,1314
seatgeek-DdwHkPzYlbL,1685394053123,1744
seatgeek-DdwHkPzYlbL,1685394060778,1744
seatgeek-DdwHkPzYlbL,1685394102841,1744
seatgeek-DdwHkPzYlbL,1685394305087,1744
seatgeek-eeacK7578nb,1685394053123,830
seatgeek-eeacK7578nb,1685394060778,830
seatgeek-eeacK7578nb,1685394102841,830
seatgeek-eeacK7578nb,1685394305087,830
seatgeek-ROXHzPPO98g,1685394053123,867
seatgeek-ROXHzPPO98g,1685394060778,867
seatgeek-ROXHzPPO98g,1685394102841,867
seatgeek-ROXHzPPO98g,1685394305087,867
seatgeek-nx0srGG9kVn,1685394053123,932
seatgeek-nx0srGG9kVn,1685394060778,932
seatgeek-nx0srGG9kVn,1685394102841,932
seatgeek-nx0srGG9kVn,1685394305087,932
seatgeek-GAaI6pOOXJb,1685394053123,916
seatgeek-GAaI6pOOXJb,1685394060778,916
seatgeek-GAaI6pOOXJb,1685394102841,916
seatgeek-GAaI6pOOXJb,1685394305087,916
seatgeek-lxVsdaanEGV,1685394053123,1105
seatgeek-lxVsdaanEGV,1685394060778,1105
seatgeek-lxVsdaanEGV,1685394102841,1105
seatgeek-lxVsdaanEGV,1685394305087,1047
seatgeek-lxVsdaqq0kM,1685394053123,13806
seatgeek-lxVsdaqq0kM,1685394060778,13806
seatgeek-lxVsdaqq0kM,1685394102841,13806
seatgeek-lxVsdaqq0kM,1685394305087,13806
seatgeek-xb9imoaa5vb,1685394053123,2036
seatgeek-xb9imoaa5vb,1685394060778,2036
seatgeek-xb9imoaa5vb,1685394102841,2036
seatgeek-xb9imoaa5vb,1685394305087,2036
seatgeek-g48UraaqdXR,1685394053123,1163
seatgeek-g48UraaqdXR,1685394060778,1163
seatgeek-g48UraaqdXR,1685394102841,1163
seatgeek-g48UraaqdXR,1685394305087,1163
seatgeek-vb3iPRYRaaw,1685394053123,7829
seatgeek-vb3iPRYRaaw,1685394060778,7829
seatgeek-vb3iPRYRaaw,1685394102841,7829
seatgeek-vb3iPRYRaaw,1685394305087,572
seatgeek-pVXHD6mmnZV,1685394053123,2027
seatgeek-pVXHD6mmnZV,1685394060778,2027
seatgeek-pVXHD6mmnZV,1685394102841,2027
seatgeek-pVXHD6mmnZV,1685394305087,2027
seatgeek-MAeIPaBBMwz,1685394053123,746
seatgeek-MAeIPaBBMwz,1685394060778,746
seatgeek-MAeIPaBBMwz,1685394102841,746
seatgeek-MAeIPaBBMwz,1685394305087,746
seatgeek-Kezcz5rzj95,1685394305087,4268
seatgeek-2v0czvlv2N0,1685394053123,8698
seatgeek-2v0czvlv2N0,1685394060778,8698
seatgeek-2v0czvlv2N0,1685394102841,8698
seatgeek-2v0czvlv2N0,1685394305087,8698
seatgeek-8lKt6E33PYw,1685394053123,909
seatgeek-8lKt6E33PYw,1685394060778,909
seatgeek-8lKt6E33PYw,1685394102841,909
seatgeek-8lKt6E33PYw,1685394305087,909
seatgeek-kYet9xLxLzj,1685394053123,3649
seatgeek-kYet9xLxLzj,1685394060778,3649
seatgeek-kYet9xLxLzj,1685394102841,3649
seatgeek-kYet9xLxLzj,1685394305087,3649
seatgeek-rVOHke88X2g,1685394053123,2835
seatgeek-rVOHke88X2g,1685394060778,2835
seatgeek-rVOHke88X2g,1685394102841,2835
seatgeek-rVOHke88X2g,1685394305087,2835
seatgeek-rVOHkeeVB0D,1685394053123,2253
seatgeek-rVOHkeeVB0D,1685394060778,2253
seatgeek-rVOHkeeVB0D,1685394102841,2253
seatgeek-rVOHkeeVB0D,1685394305087,2253
seatgeek-nx0srGGDxPn,1685394053123,8640
seatgeek-nx0srGGDxPn,1685394060778,8640
seatgeek-nx0srGGDxPn,1685394102841,8640
seatgeek-nx0srGGDxPn,1685394305087,8640
seatgeek-pVXHD6mD3nq,1685394053123,926
seatgeek-pVXHD6mD3nq,1685394060778,926
seatgeek-pVXHD6mD3nq,1685394102841,926
seatgeek-pVXHD6mD3nq,1685394305087,926
seatgeek-Kezcz5rmYb7,1685394053123,4771
seatgeek-Kezcz5rmYb7,1685394060778,4771
seatgeek-Kezcz5rmYb7,1685394102841,4771
seatgeek-Kezcz5rmYb7,1685394305087,4771
seatgeek-PX0sgoolR07,1685394053123,1092
seatgeek-PX0sgoolR07,1685394060778,1092
seatgeek-PX0sgoolR07,1685394102841,1092
seatgeek-PX0sgoolR07,1685394305087,1092
seatgeek-Kezcz5r5Pp0,1685394053123,73948
seatgeek-Kezcz5r5Pp0,1685394060778,73948
seatgeek-Kezcz5r5Pp0,1685394102841,73948
seatgeek-Kezcz5r5Pp0,1685394305087,73948
seatgeek-DdwHkPzzzBY,1685394053123,985
seatgeek-DdwHkPzzzBY,1685394060778,985
seatgeek-DdwHkPzzzBY,1685394102841,985
seatgeek-DdwHkPzzzBY,1685394305087,985
seatgeek-agktlkEXMaa,1685394053123,4964
seatgeek-agktlkEXMaa,1685394060778,4964
seatgeek-agktlkEXMaa,1685394102841,4964
seatgeek-agktlkEXMaa,1685394305087,4702
seatgeek-agktlkk67k3,1685394053123,868
seatgeek-agktlkk67k3,1685394060778,868
seatgeek-agktlkk67k3,1685394102841,868
seatgeek-agktlkk67k3,1685394305087,868
seatgeek-O7AhwgkkpxD,1685394053123,968
seatgeek-O7AhwgkkpxD,1685394060778,968
seatgeek-O7AhwgkkpxD,1685394102841,968
seatgeek-O7AhwgkkpxD,1685394305087,968
seatgeek-g48UraGGY9Y,1685394053123,4401
seatgeek-g48UraGGY9Y,1685394060778,4401
seatgeek-g48UraGGY9Y,1685394102841,4401
seatgeek-g48UraGGY9Y,1685394305087,4401
seatgeek-lxVsdaqqrA4,1685394053123,872
seatgeek-lxVsdaqqrA4,1685394060778,872
seatgeek-lxVsdaqqrA4,1685394102841,872
seatgeek-lxVsdaqqrA4,1685394305087,872
seatgeek-A6rs2kPkdYA,1685394053123,868
seatgeek-A6rs2kPkdYA,1685394060778,868
seatgeek-A6rs2kPkdYA,1685394102841,868
seatgeek-A6rs2kPkdYA,1685394305087,868
seatgeek-b4wUawwMr8g,1685394053123,1324
seatgeek-b4wUawwMr8g,1685394060778,1324
seatgeek-b4wUawwMr8g,1685394102841,1324
seatgeek-b4wUawwMr8g,1685394305087,1324
seatgeek-4vXcjOO763x,1685394053123,1047
seatgeek-4vXcjOO763x,1685394060778,1047
seatgeek-4vXcjOO763x,1685394102841,1047
seatgeek-4vXcjOO763x,1685394305087,1047
seatgeek-g48UraGaZPD,1685394053123,2660
seatgeek-g48UraGaZPD,1685394060778,2660
seatgeek-g48UraGaZPD,1685394102841,2660
seatgeek-g48UraGaZPD,1685394305087,2660
seatgeek-LbviLvXXaJo,1685394053123,3195
seatgeek-LbviLvXXaJo,1685394060778,3195
seatgeek-LbviLvXXaJo,1685394102841,3195
seatgeek-LbviLvXXaJo,1685394305087,3195
seatgeek-kYet9xLL08v,1685394053123,1043
seatgeek-kYet9xLL08v,1685394060778,1043
seatgeek-kYet9xLL08v,1685394102841,1043
seatgeek-kYet9xLL08v,1685394305087,1043
seatgeek-PX0sgoXov7d,1685394053123,899
seatgeek-PX0sgoXov7d,1685394060778,899
seatgeek-PX0sgoXov7d,1685394102841,899
seatgeek-PX0sgoXov7d,1685394305087,899
seatgeek-agktlkEEn8M,1685394053123,3046
seatgeek-agktlkEEn8M,1685394060778,3046
seatgeek-agktlkEEn8M,1685394102841,3046
seatgeek-agktlkEEn8M,1685394305087,3046
seatgeek-agktlkEEK3P,1685394053123,881
seatgeek-agktlkEEK3P,1685394060778,881
seatgeek-agktlkEEK3P,1685394102841,881
seatgeek-agktlkEEK3P,1685394305087,881
seatgeek-05VT8eReV5b,1685394053123,1647
seatgeek-05VT8eReV5b,1685394060778,1647
seatgeek-05VT8eReV5b,1685394102841,1647
seatgeek-05VT8eReV5b,1685394305087,1647
seatgeek-xb9imooONYl,1685394053123,1415
seatgeek-xb9imooONYl,1685394060778,1415
seatgeek-xb9imooONYl,1685394102841,1415
seatgeek-xb9imooONYl,1685394305087,1415
seatgeek-X03tK6OOv02,1685394053123,824
seatgeek-X03tK6OOv02,1685394060778,824
seatgeek-X03tK6OOv02,1685394102841,824
seatgeek-X03tK6OOv02,1685394305087,824
seatgeek-Kezcz55o9Xb,1685394053123,1517
seatgeek-Kezcz55o9Xb,1685394060778,1517
seatgeek-Kezcz55o9Xb,1685394102841,1517
seatgeek-Kezcz55o9Xb,1685394305087,1517
seatgeek-5EjuZ8q8D9q,1685394053123,1316
seatgeek-5EjuZ8q8D9q,1685394060778,1316
seatgeek-5EjuZ8q8D9q,1685394102841,1316
seatgeek-5EjuZ8q8D9q,1685394305087,1316
seatgeek-jDvsz6E6lR4,1685394053123,1033
seatgeek-jDvsz6E6lR4,1685394060778,1033
seatgeek-jDvsz6E6lR4,1685394102841,1033
seatgeek-jDvsz6E6lR4,1685394305087,1033
seatgeek-ROXHzPP4eoj,1685394053123,601
seatgeek-ROXHzPP4eoj,1685394060778,601
seatgeek-ROXHzPP4eoj,1685394102841,601
seatgeek-ROXHzPP4eoj,1685394305087,601
seatgeek-5EjuZ8q3ejY,1685394053123,1231
seatgeek-5EjuZ8q3ejY,1685394060778,1231
seatgeek-5EjuZ8q3ejY,1685394102841,1231
seatgeek-5EjuZ8q3ejY,1685394305087,1231
seatgeek-ROXHzPZZg8B,1685394053123,1937
seatgeek-ROXHzPZZg8B,1685394060778,1937
seatgeek-ROXHzPZZg8B,1685394102841,1937
seatgeek-ROXHzPZZg8B,1685394305087,1937
seatgeek-Zm9hvA66vwp,1685394053123,1194
seatgeek-Zm9hvA66vwp,1685394060778,1194
seatgeek-Zm9hvA66vwp,1685394102841,1194
seatgeek-Zm9hvA66vwp,1685394305087,1194
seatgeek-4vXcjOGBRNv,1685394053123,594
seatgeek-4vXcjOGBRNv,1685394060778,594
seatgeek-4vXcjOGBRNv,1685394102841,594
seatgeek-vb3iPRYY72R,1685394053123,3008
seatgeek-vb3iPRYY72R,1685394060778,3008
seatgeek-vb3iPRYY72R,1685394102841,3008
seatgeek-vb3iPRYY72R,1685394305087,3008
seatgeek-w3JseYYZjOD,1685394053123,1091
seatgeek-w3JseYYZjOD,1685394060778,1091
seatgeek-w3JseYYZjOD,1685394102841,1091
seatgeek-w3JseYYZjOD,1685394305087,1091
seatgeek-mxAs4BL4B2Y,1685394053123,3130
seatgeek-mxAs4BL4B2Y,1685394060778,3130
seatgeek-mxAs4BL4B2Y,1685394102841,3130
seatgeek-mxAs4BL4B2Y,1685394305087,3130
seatgeek-6mOhkPPoxMq,1685394053123,694
seatgeek-6mOhkPPoxMq,1685394060778,694
seatgeek-6mOhkPPoxMq,1685394102841,694
seatgeek-6mOhkPPoxMq,1685394305087,694
seatgeek-3q7fNqqwLLn,1685394053123,2521
seatgeek-3q7fNqqwLLn,1685394060778,2521
seatgeek-3q7fNqqwLLn,1685394102841,2521
seatgeek-3q7fNqqwLLn,1685394305087,2521
seatgeek-dNgUgmAMo34,1685394053123,898
seatgeek-dNgUgmAMo34,1685394060778,898
seatgeek-dNgUgmAMo34,1685394102841,898
seatgeek-dNgUgmAMo34,1685394305087,898
seatgeek-2v0czvvbxnk,1685394053123,940
seatgeek-2v0czvvbxnk,1685394060778,940
seatgeek-2v0czvvbxnk,1685394102841,940
seatgeek-2v0czvvbxnk,1685394305087,940
seatgeek-g48UraamDEY,1685394053123,1094
seatgeek-g48UraamDEY,1685394060778,1094
seatgeek-g48UraamDEY,1685394102841,1094
seatgeek-g48UraamDEY,1685394305087,1094
seatgeek-vb3iPRYYprA,1685394053123,956
seatgeek-vb3iPRYYprA,1685394060778,956
seatgeek-vb3iPRYYprA,1685394102841,956
seatgeek-vb3iPRYYprA,1685394305087,956
seatgeek-V4KU0bbrKPx,1685394053123,1320
seatgeek-V4KU0bbrKPx,1685394060778,1320
seatgeek-V4KU0bbrKPx,1685394102841,1297
seatgeek-V4KU0bbrKPx,1685394305087,1297
seatgeek-6mOhkPPpGqz,1685394053123,1064
seatgeek-6mOhkPPpGqz,1685394060778,1064
seatgeek-6mOhkPPpGqz,1685394102841,1064
seatgeek-6mOhkPPpGqz,1685394305087,1064
seatgeek-7KntAYeYk7X,1685394053123,7829
seatgeek-7KntAYeYk7X,1685394060778,7829
seatgeek-7KntAYeYk7X,1685394102841,7829
seatgeek-7KntAYeYk7X,1685394305087,7829
seatgeek-X03tK66qV4J,1685394053123,1026
seatgeek-X03tK66qV4J,1685394060778,1026
seatgeek-X03tK66qV4J,1685394102841,1026
seatgeek-X03tK66qV4J,1685394305087,1026
seatgeek-A6rs2kkAMw3,1685394053123,2421
seatgeek-A6rs2kkAMw3,1685394060778,2421
seatgeek-A6rs2kkAMw3,1685394102841,2421
seatgeek-A6rs2kkAMw3,1685394305087,2421
seatgeek-3q7fNqvqNnl,1685394053123,586
seatgeek-3q7fNqvqNnl,1685394060778,586
seatgeek-3q7fNqvqNnl,1685394102841,586
seatgeek-3q7fNqvqNnl,1685394305087,586
seatgeek-GAaI6ppgjJA,1685394053123,1084
seatgeek-GAaI6ppgjJA,1685394060778,1084
seatgeek-GAaI6ppgjJA,1685394102841,1084
seatgeek-GAaI6ppgjJA,1685394305087,1084
seatgeek-dNgUgVVqX7e,1685394053123,1082
seatgeek-dNgUgVVqX7e,1685394060778,1082
seatgeek-dNgUgVVqX7e,1685394102841,1082
seatgeek-dNgUgVVqX7e,1685394305087,1082
seatgeek-kYet9xxYN7j,1685394053123,883
seatgeek-kYet9xxYN7j,1685394060778,883
seatgeek-kYet9xxYN7j,1685394102841,883
seatgeek-kYet9xxYN7j,1685394305087,822
seatgeek-8lKt6E33llP,1685394053123,885
seatgeek-8lKt6E33llP,1685394060778,885
seatgeek-8lKt6E33llP,1685394102841,885
seatgeek-8lKt6E33llP,1685394305087,885
seatgeek-oV7HbZaaajR,1685394053123,1033
seatgeek-oV7HbZaaajR,1685394060778,1033
seatgeek-oV7HbZaaajR,1685394102841,1033
seatgeek-oV7HbZaaajR,1685394305087,1033
seatgeek-2v0czvlvwrl,1685394053123,1078
seatgeek-2v0czvlvwrl,1685394060778,1078
seatgeek-2v0czvlvwrl,1685394102841,1078
seatgeek-2v0czvlvwrl,1685394305087,1078
seatgeek-qVjH2wwloz0,1685394053123,2417
seatgeek-qVjH2wwloz0,1685394060778,2417
seatgeek-qVjH2wwloz0,1685394102841,2417
seatgeek-qVjH2wwloz0,1685394305087,2417
seatgeek-EroUXlblpRM,1685394053123,621
seatgeek-EroUXlblpRM,1685394060778,621
seatgeek-EroUXlblpRM,1685394102841,621
seatgeek-EroUXlblpRM,1685394305087,621
seatgeek-JABI3llk54l,1685394053123,3010
seatgeek-JABI3llk54l,1685394060778,3010
seatgeek-JABI3llk54l,1685394102841,3010
seatgeek-JABI3llk54l,1685394305087,3010
seatgeek-qVjH2w72qP0,1685394053123,1209
seatgeek-qVjH2w72qP0,1685394060778,1209
seatgeek-qVjH2w72qP0,1685394102841,1209
seatgeek-qVjH2w72qP0,1685394305087,1209
seatgeek-Kezcz55GYLP,1685394053123,2403
seatgeek-Kezcz55GYLP,1685394060778,2403
seatgeek-Kezcz55GYLP,1685394102841,2403
seatgeek-6mOhkPLPr8A,1685394053123,1188
seatgeek-6mOhkPLPr8A,1685394060778,1188
seatgeek-6mOhkPLPr8A,1685394102841,1188
seatgeek-6mOhkPLPr8A,1685394305087,1188
seatgeek-X03tK660MG4,1685394053123,676
seatgeek-X03tK660MG4,1685394060778,676
seatgeek-X03tK660MG4,1685394102841,676
seatgeek-X03tK660MG4,1685394305087,676
seatgeek-O7Ahwgkkn04,1685394053123,673
seatgeek-O7Ahwgkkn04,1685394060778,673
seatgeek-O7Ahwgkkn04,1685394102841,673
seatgeek-O7Ahwgkkn04,1685394305087,673
seatgeek-05VT8eRRg0K,1685394053123,855
seatgeek-05VT8eRRg0K,1685394060778,855
seatgeek-05VT8eRRg0K,1685394102841,855
seatgeek-05VT8eRRg0K,1685394305087,855
seatgeek-lxVsdaqqYYl,1685394053123,2391
seatgeek-lxVsdaqqYYl,1685394060778,2391
seatgeek-lxVsdaqqYYl,1685394102841,2391
seatgeek-lxVsdaqqYYl,1685394305087,2391
seatgeek-lxVsdaqqlpB,1685394053123,867
seatgeek-lxVsdaqqlpB,1685394060778,867
seatgeek-lxVsdaqqlpB,1685394102841,867
seatgeek-lxVsdaqqlpB,1685394305087,867
seatgeek-pVXHD6mmvwa,1685394053123,1641
seatgeek-pVXHD6mmvwa,1685394060778,1641
seatgeek-pVXHD6mmvwa,1685394102841,1641
seatgeek-pVXHD6mmvwa,1685394305087,1641
seatgeek-g48UraGGw4a,1685394053123,3956
seatgeek-g48UraGGw4a,1685394060778,3956
seatgeek-g48UraGGw4a,1685394102841,3956
seatgeek-g48UraGGw4a,1685394305087,3956
seatgeek-ROXHzPP4bRk,1685394053123,1448
seatgeek-ROXHzPP4bRk,1685394060778,1448
seatgeek-ROXHzPP4bRk,1685394102841,1448
seatgeek-ROXHzPP4bRk,1685394305087,1448
seatgeek-g48UraGaOPK,1685394053123,719
seatgeek-g48UraGaOPK,1685394060778,719
seatgeek-g48UraGaOPK,1685394102841,719
seatgeek-g48UraGaOPK,1685394305087,719
seatgeek-LbviLvXXPJ8,1685394053123,2248
seatgeek-LbviLvXXPJ8,1685394060778,2248
seatgeek-LbviLvXXPJ8,1685394102841,2248
seatgeek-LbviLvXXPJ8,1685394305087,2248
seatgeek-jDvsz66m54j,1685394053123,1014
seatgeek-jDvsz66m54j,1685394060778,1014
seatgeek-jDvsz66m54j,1685394102841,1014
seatgeek-jDvsz66m54j,1685394305087,1014
seatgeek-z3Es6oDDkXG,1685394053123,769
seatgeek-z3Es6oDDkXG,1685394060778,769
seatgeek-z3Es6oDDkXG,1685394102841,769
seatgeek-z3Es6oDDkXG,1685394305087,769
seatgeek-vb3iPRYYVeV,1685394053123,965
seatgeek-vb3iPRYYVeV,1685394060778,965
seatgeek-vb3iPRYYVeV,1685394102841,965
seatgeek-vb3iPRYYVeV,1685394305087,965
seatgeek-X03tK6OKa3d,1685394053123,3023
seatgeek-X03tK6OKa3d,1685394060778,3023
seatgeek-X03tK6OKa3d,1685394102841,3023
seatgeek-X03tK6OKa3d,1685394305087,3023
seatgeek-b4wUawRa3xE,1685394053123,1177
seatgeek-b4wUawRa3xE,1685394060778,1177
seatgeek-b4wUawRa3xE,1685394102841,1177
seatgeek-b4wUawRa3xE,1685394305087,1177
seatgeek-V4KU0bv9vn9,1685394053123,693
seatgeek-V4KU0bv9vn9,1685394060778,693
seatgeek-V4KU0bv9vn9,1685394102841,693
seatgeek-V4KU0bv9vn9,1685394305087,693
seatgeek-V4KU0bb4v0D,1685394053123,680
seatgeek-V4KU0bb4v0D,1685394060778,680
seatgeek-V4KU0bb4v0D,1685394102841,680
seatgeek-V4KU0bb4v0D,1685394305087,680
seatgeek-O7AhwgkwXqk,1685394053123,748
seatgeek-O7AhwgkwXqk,1685394060778,748
seatgeek-O7AhwgkwXqk,1685394102841,748
seatgeek-w3JseYqYdNj,1685394053123,971
seatgeek-w3JseYqYdNj,1685394060778,971
seatgeek-w3JseYqYdNj,1685394102841,971
seatgeek-w3JseYqYdNj,1685394305087,971
seatgeek-2v0czvllwnx,1685394053123,947
seatgeek-2v0czvllwnx,1685394060778,947
seatgeek-2v0czvllwnx,1685394102841,947
seatgeek-2v0czvllwnx,1685394305087,830
seatgeek-8lKt6E33ban,1685394053123,580
seatgeek-8lKt6E33ban,1685394060778,580
seatgeek-8lKt6E33ban,1685394102841,580
seatgeek-9P2c5JJeaRJ,1685394053123,2647
seatgeek-9P2c5JJeaRJ,1685394060778,2647
seatgeek-9P2c5JJeaRJ,1685394102841,2647
seatgeek-V4KU0bmmPZg,1685394053123,1028
seatgeek-V4KU0bmmPZg,1685394060778,1028
seatgeek-V4KU0bmmPZg,1685394102841,1028
seatgeek-V4KU0bmmPZg,1685394305087,1028
seatgeek-8lKt6E36EXw,1685394053123,603
seatgeek-8lKt6E36EXw,1685394060778,603
seatgeek-8lKt6E36EXw,1685394102841,603
seatgeek-8lKt6E36EXw,1685394305087,603
seatgeek-5EjuZ88BZPa,1685394053123,3090
seatgeek-5EjuZ88BZPa,1685394060778,3090
seatgeek-5EjuZ88BZPa,1685394102841,3090
seatgeek-5EjuZ88BZPa,1685394305087,3090
seatgeek-oV7HbZ4Zq70,1685394053123,2547
seatgeek-oV7HbZ4Zq70,1685394060778,2547
seatgeek-oV7HbZ4Zq70,1685394102841,2452
seatgeek-oV7HbZ4Zq70,1685394305087,2452
seatgeek-w3JseYYZ5PL,1685394053123,3269
seatgeek-w3JseYYZ5PL,1685394060778,3269
seatgeek-w3JseYYZ5PL,1685394102841,3269
seatgeek-w3JseYYZ5PL,1685394305087,3269
seatgeek-kYet9xx7DjY,1685394053123,1966
seatgeek-kYet9xx7DjY,1685394060778,1966
seatgeek-kYet9xx7DjY,1685394102841,1966
seatgeek-kYet9xx7DjY,1685394305087,1966
seatgeek-rVOHkeedbOX,1685394053123,1089
seatgeek-rVOHkeedbOX,1685394060778,1089
seatgeek-rVOHkeedbOX,1685394102841,1089
seatgeek-rVOHkeedbOX,1685394305087,1089
seatgeek-jDvsz6EzBjR,1685394053123,716
seatgeek-jDvsz6EzBjR,1685394060778,716
seatgeek-jDvsz6EzBjR,1685394102841,716
seatgeek-jDvsz6EzBjR,1685394305087,716
seatgeek-EroUXlbbB09,1685394053123,2101
seatgeek-EroUXlbbB09,1685394060778,2101
seatgeek-EroUXlbbB09,1685394102841,2101
seatgeek-EroUXlbbB09,1685394305087,2101
seatgeek-05VT8eReELN,1685394053123,1053
seatgeek-05VT8eReELN,1685394060778,1053
seatgeek-05VT8eReELN,1685394102841,1053
seatgeek-05VT8eReELN,1685394305087,1053
seatgeek-nx0srGGXP3g,1685394053123,3458
seatgeek-nx0srGGXP3g,1685394060778,3458
seatgeek-nx0srGGXP3g,1685394102841,3458
seatgeek-nx0srGGXP3g,1685394305087,3458
seatgeek-GAaI6pOOXke,1685394053123,1758
seatgeek-GAaI6pOOXke,1685394060778,1758
seatgeek-GAaI6pOOXke,1685394102841,1758
seatgeek-GAaI6pOOXke,1685394305087,1758
seatgeek-YgJtk8809B9,1685394053123,741
seatgeek-YgJtk8809B9,1685394060778,741
seatgeek-YgJtk8809B9,1685394102841,741
seatgeek-YgJtk8809B9,1685394305087,741
seatgeek-nx0srGwjK35,1685394053123,629
seatgeek-nx0srGwjK35,1685394060778,629
seatgeek-nx0srGwjK35,1685394102841,629
seatgeek-nx0srGwjK35,1685394305087,629
seatgeek-Zm9hvAAGDxP,1685394053123,846
seatgeek-Zm9hvAAGDxP,1685394060778,846
seatgeek-Zm9hvAAGDxP,1685394102841,846
seatgeek-Zm9hvAAGDxP,1685394305087,846
seatgeek-O7Ahwgkwej3,1685394053123,1017
seatgeek-O7Ahwgkwej3,1685394060778,923
seatgeek-O7Ahwgkwej3,1685394102841,923
seatgeek-O7Ahwgkwej3,1685394305087,923
seatgeek-6mOhkPKKexX,1685394053123,1543
seatgeek-6mOhkPKKexX,1685394060778,1543
seatgeek-6mOhkPKKexX,1685394102841,1543
seatgeek-6mOhkPKKexX,1685394305087,1543
seatgeek-eeacK76E480,1685394053123,18713
seatgeek-eeacK76E480,1685394060778,18713
seatgeek-eeacK76E480,1685394102841,18713
seatgeek-eeacK76E480,1685394305087,18713
seatgeek-6mOhkPPZoZX,1685394053123,9070
seatgeek-6mOhkPPZoZX,1685394060778,9070
seatgeek-6mOhkPPZoZX,1685394102841,9070
seatgeek-6mOhkPPZoZX,1685394305087,9070
seatgeek-xb9imoaoROO,1685394053123,3113
seatgeek-xb9imoaoROO,1685394060778,3113
seatgeek-xb9imoaoROO,1685394102841,3113
seatgeek-xb9imoaoROO,1685394305087,3113
seatgeek-MAeIPaa5akl,1685394053123,4379
seatgeek-MAeIPaa5akl,1685394060778,4379
seatgeek-MAeIPaa5akl,1685394102841,4379
seatgeek-MAeIPaa5akl,1685394305087,4379
seatgeek-g48UraGa9a4,1685394053123,838
seatgeek-g48UraGa9a4,1685394060778,838
seatgeek-g48UraGa9a4,1685394102841,838
seatgeek-g48UraGa9a4,1685394305087,838
seatgeek-BALImeedP4K,1685394053123,4360
seatgeek-BALImeedP4K,1685394060778,4360
seatgeek-BALImeedP4K,1685394102841,4360
seatgeek-BALImeedP4K,1685394305087,4360
seatgeek-7KntAJ2NVe6,1685394053123,708
seatgeek-7KntAJ2NVe6,1685394060778,708
seatgeek-7KntAJ2NVe6,1685394102841,708
seatgeek-7KntAJ2NVe6,1685394305087,708
seatgeek-7KntAYeAmxD,1685394053123,2247
seatgeek-7KntAYeAmxD,1685394060778,2247
seatgeek-7KntAYeAmxD,1685394102841,2247
seatgeek-7KntAYeAmxD,1685394305087,2247
seatgeek-oV7HbZZrpRX,1685394053123,876
seatgeek-oV7HbZZrpRX,1685394060778,876
seatgeek-oV7HbZZrpRX,1685394102841,876
seatgeek-oV7HbZZrpRX,1685394305087,876
seatgeek-z3Es6ook3M2,1685394053123,1203
seatgeek-z3Es6ook3M2,1685394060778,1203
seatgeek-z3Es6ook3M2,1685394102841,1203
seatgeek-z3Es6ook3M2,1685394305087,1203
seatgeek-g48UraGG8ev,1685394053123,942
seatgeek-g48UraGG8ev,1685394060778,942
seatgeek-g48UraGG8ev,1685394102841,942
seatgeek-g48UraGG8ev,1685394305087,942
seatgeek-LbviLvvpqwa,1685394053123,1248
seatgeek-LbviLvvpqwa,1685394060778,1248
seatgeek-LbviLvvpqwa,1685394102841,1248
seatgeek-LbviLvvpqwa,1685394305087,1248
seatgeek-w3JseYqqGmO,1685394053123,1521
seatgeek-w3JseYqqGmO,1685394060778,1521
seatgeek-w3JseYqqGmO,1685394102841,1521
seatgeek-w3JseYqqGmO,1685394305087,1521
seatgeek-rVOHkeew4zY,1685394053123,676
seatgeek-rVOHkeew4zY,1685394060778,676
seatgeek-rVOHkeew4zY,1685394102841,676
seatgeek-rVOHkeew4zY,1685394305087,676
seatgeek-JABI3llrbL3,1685394053123,2140
seatgeek-JABI3llrbL3,1685394060778,2140
seatgeek-JABI3llrbL3,1685394102841,2140
seatgeek-JABI3llrbL3,1685394305087,2140
seatgeek-NrqUvaJagk5,1685394053123,7829
seatgeek-NrqUvaJagk5,1685394060778,7829
seatgeek-NrqUvaJagk5,1685394102841,7829
seatgeek-NrqUvaJagk5,1685394305087,7829
seatgeek-w3JseYqqPJV,1685394053123,5887
seatgeek-w3JseYqqPJV,1685394060778,5887
seatgeek-w3JseYqqPJV,1685394102841,5887
seatgeek-w3JseYqqPJV,1685394305087,5887
seatgeek-nx0srGwrO8r,1685394053123,994
seatgeek-nx0srGwrO8r,1685394060778,994
seatgeek-nx0srGwrO8r,1685394102841,994
seatgeek-nx0srGwrO8r,1685394305087,994
seatgeek-jDvsz6EwY4J,1685394053123,739
seatgeek-jDvsz6EwY4J,1685394060778,739
seatgeek-jDvsz6EwY4J,1685394102841,739
seatgeek-jDvsz6EwY4J,1685394305087,739
seatgeek-LbviLvvwALk,1685394053123,2043
seatgeek-LbviLvvwALk,1685394060778,2043
seatgeek-LbviLvvwALk,1685394102841,2043
seatgeek-LbviLvvwALk,1685394305087,2043
seatgeek-O7AhwgkwEvG,1685394053123,924
seatgeek-O7AhwgkwEvG,1685394060778,924
seatgeek-O7AhwgkwEvG,1685394102841,924
seatgeek-O7AhwgkwEvG,1685394305087,924
seatgeek-6mOhkPPELmr,1685394053123,6785
seatgeek-6mOhkPPELmr,1685394060778,6785
seatgeek-6mOhkPPELmr,1685394102841,6785
seatgeek-6mOhkPPELmr,1685394305087,6785
seatgeek-A6rs2knk0Rm,1685394053123,1817
seatgeek-A6rs2knk0Rm,1685394060778,1817
seatgeek-A6rs2knk0Rm,1685394102841,1817
seatgeek-A6rs2knk0Rm,1685394305087,1817
seatgeek-jDvsz66m3jv,1685394053123,598
seatgeek-jDvsz66m3jv,1685394060778,598
seatgeek-jDvsz66m3jv,1685394102841,598
seatgeek-jDvsz66m3jv,1685394305087,598
seatgeek-LbviLvXLv5q,1685394053123,619
seatgeek-LbviLvXLv5q,1685394060778,619
seatgeek-LbviLvXLv5q,1685394102841,619
seatgeek-LbviLvXLv5q,1685394305087,619
seatgeek-vb3iPRRb8p5,1685394053123,1158
seatgeek-vb3iPRRb8p5,1685394060778,1158
seatgeek-vb3iPRRb8p5,1685394102841,1158
seatgeek-vb3iPRRb8p5,1685394305087,1158
seatgeek-GAaI6pO6pDb,1685394053123,1130
seatgeek-GAaI6pO6pDb,1685394060778,1130
seatgeek-GAaI6pO6pDb,1685394102841,1130
seatgeek-GAaI6pO6pDb,1685394305087,1130
seatgeek-lxVsdaqal06,1685394053123,5459
seatgeek-lxVsdaqal06,1685394060778,5459
seatgeek-lxVsdaqal06,1685394102841,5459
seatgeek-lxVsdaqal06,1685394305087,5459
seatgeek-4vXcjOOkmlv,1685394053123,1086
seatgeek-4vXcjOOkmlv,1685394060778,1086
seatgeek-4vXcjOOkmlv,1685394102841,1086
seatgeek-4vXcjOOkmlv,1685394305087,1086
seatgeek-O7AhwgkkBXX,1685394053123,1947
seatgeek-O7AhwgkkBXX,1685394060778,1947
seatgeek-O7AhwgkkBXX,1685394102841,1947
seatgeek-O7AhwgkkBXX,1685394305087,1947
seatgeek-rVOHkeewq35,1685394053123,1067
seatgeek-rVOHkeewq35,1685394060778,1067
seatgeek-rVOHkeewq35,1685394102841,1067
seatgeek-rVOHkeewq35,1685394305087,1067
seatgeek-eeacK77q3al,1685394053123,833
seatgeek-eeacK77q3al,1685394060778,833
seatgeek-eeacK77q3al,1685394102841,833
seatgeek-eeacK77q3al,1685394305087,833
seatgeek-qVjH2wwloMB,1685394053123,899
seatgeek-qVjH2wwloMB,1685394060778,899
seatgeek-qVjH2wwloMB,1685394102841,899
seatgeek-qVjH2wwloMB,1685394305087,899
seatgeek-7KntAYeeqw6,1685394053123,1819
seatgeek-7KntAYeeqw6,1685394060778,1819
seatgeek-7KntAYeeqw6,1685394102841,1819
seatgeek-7KntAYeeqw6,1685394305087,1819
seatgeek-qVjH2ww0XEY,1685394053123,2539
seatgeek-qVjH2ww0XEY,1685394060778,2539
seatgeek-qVjH2ww0XEY,1685394102841,2539
seatgeek-qVjH2ww0XEY,1685394305087,2539
seatgeek-jDvsz6EzKPr,1685394053123,1911
seatgeek-jDvsz6EzKPr,1685394060778,1911
seatgeek-jDvsz6EzKPr,1685394102841,1911
seatgeek-jDvsz6EzKPr,1685394305087,1911
seatgeek-eeacK755YMV,1685394053123,769
seatgeek-eeacK755YMV,1685394060778,769
seatgeek-eeacK755YMV,1685394102841,769
seatgeek-eeacK755YMV,1685394305087,769
seatgeek-YgJtk88MwpA,1685394053123,2006
seatgeek-YgJtk88MwpA,1685394060778,2006
seatgeek-YgJtk88MwpA,1685394102841,2006
seatgeek-YgJtk88MwpA,1685394305087,2006
seatgeek-pVXHD6600rJ,1685394053123,1522
seatgeek-pVXHD6600rJ,1685394060778,1522
seatgeek-pVXHD6600rJ,1685394102841,1475
seatgeek-pVXHD6600rJ,1685394305087,1475
seatgeek-vb3iPRRxMAk,1685394053123,6566
seatgeek-vb3iPRRxMAk,1685394060778,6566
seatgeek-vb3iPRRxMAk,1685394102841,6566
seatgeek-8lKt6E33RZa,1685394053123,916
seatgeek-8lKt6E33RZa,1685394060778,916
seatgeek-8lKt6E33RZa,1685394102841,916
seatgeek-8lKt6E33RZa,1685394305087,916
seatgeek-Zm9hvAAGODe,1685394053123,6564
seatgeek-Zm9hvAAGODe,1685394060778,6564
seatgeek-Zm9hvAAGODe,1685394102841,6564
seatgeek-Zm9hvAAGODe,1685394305087,6410
seatgeek-X03tK6O6GLe,1685394053123,7829
seatgeek-X03tK6O6GLe,1685394060778,7829
seatgeek-X03tK6O6GLe,1685394102841,7829
seatgeek-X03tK6O6GLe,1685394305087,7829
seatgeek-4vXcjOGGvAY,1685394053123,1322
seatgeek-4vXcjOGGvAY,1685394060778,1322
seatgeek-4vXcjOGGvAY,1685394102841,1322
seatgeek-4vXcjOGGvAY,1685394305087,1322
seatgeek-7KntAYYrgE9,1685394053123,640
seatgeek-7KntAYYrgE9,1685394060778,640
seatgeek-7KntAYYrgE9,1685394102841,626
seatgeek-7KntAYYrgE9,1685394305087,626
seatgeek-MAeIPaaM0YD,1685394053123,1116
seatgeek-MAeIPaaM0YD,1685394060778,1116
seatgeek-MAeIPaaM0YD,1685394102841,1116
seatgeek-MAeIPaaM0YD,1685394305087,1116
seatgeek-dNgUgVVqME8,1685394053123,4033
seatgeek-dNgUgVVqME8,1685394060778,4033
seatgeek-dNgUgVVqME8,1685394102841,4033
seatgeek-dNgUgVVqME8,1685394305087,4033
seatgeek-b4wUawwo5e4,1685394053123,862
seatgeek-b4wUawwo5e4,1685394060778,862
seatgeek-b4wUawwo5e4,1685394102841,862
seatgeek-b4wUawwo5e4,1685394305087,862
seatgeek-9P2c5Jx6KYr,1685394053123,739
seatgeek-9P2c5Jx6KYr,1685394060778,739
seatgeek-9P2c5Jx6KYr,1685394102841,739
seatgeek-9P2c5Jx6KYr,1685394305087,739
seatgeek-4vXcjOGBkLv,1685394053123,2057
seatgeek-4vXcjOGBkLv,1685394060778,2057
seatgeek-4vXcjOGBkLv,1685394102841,2057
seatgeek-4vXcjOGBkLv,1685394305087,2057
seatgeek-qVjH2w7wbdq,1685394053123,694
seatgeek-qVjH2w7wbdq,1685394060778,694
seatgeek-qVjH2w7wbdq,1685394102841,694
seatgeek-qVjH2w7wbdq,1685394305087,694
seatgeek-lxVsdaaxqn7,1685394053123,702
seatgeek-lxVsdaaxqn7,1685394060778,702
seatgeek-lxVsdaaxqn7,1685394102841,702
seatgeek-lxVsdaaxqn7,1685394305087,702
seatgeek-EroUXlbljEp,1685394053123,1116
seatgeek-EroUXlbljEp,1685394060778,1116
seatgeek-EroUXlbljEp,1685394102841,1116
seatgeek-EroUXlbljEp,1685394305087,1116
seatgeek-7KntAYYrKed,1685394053123,926
seatgeek-7KntAYYrKed,1685394060778,926
seatgeek-7KntAYYrKed,1685394102841,926
seatgeek-7KntAYYrKed,1685394305087,926
seatgeek-4vXcjOGOena,1685394053123,947
seatgeek-4vXcjOGOena,1685394060778,947
seatgeek-4vXcjOGOena,1685394102841,947
seatgeek-4vXcjOGOena,1685394305087,947
seatgeek-lxVsdaaEa2G,1685394053123,2710
seatgeek-lxVsdaaEa2G,1685394060778,2710
seatgeek-lxVsdaaEa2G,1685394102841,2710
seatgeek-lxVsdaaEa2G,1685394305087,2710
seatgeek-agktlkEX2Rk,1685394053123,1038
seatgeek-agktlkEX2Rk,1685394060778,1038
seatgeek-agktlkEX2Rk,1685394102841,1038
seatgeek-agktlkEX2Rk,1685394305087,1038
seatgeek-JABI3l5lOqb,1685394053123,1390
seatgeek-JABI3l5lOqb,1685394060778,1390
seatgeek-JABI3l5lOqb,1685394102841,1390
seatgeek-JABI3l5lOqb,1685394305087,1390
seatgeek-rVOHke88OLa,1685394053123,625
seatgeek-rVOHke88OLa,1685394060778,625
seatgeek-rVOHke88OLa,1685394102841,625
seatgeek-rVOHke88OLa,1685394305087,625
seatgeek-pVXHD6m6dw5,1685394053123,1099
seatgeek-pVXHD6m6dw5,1685394060778,1099
seatgeek-pVXHD6m6dw5,1685394102841,1099
seatgeek-pVXHD6m6dw5,1685394305087,1099
seatgeek-rVOHke830K9,1685394053123,1059
seatgeek-rVOHke830K9,1685394060778,1059
seatgeek-rVOHke830K9,1685394102841,1059
seatgeek-rVOHke830K9,1685394305087,1059
seatgeek-dNgUgVZVYAb,1685394053123,6523
seatgeek-dNgUgVZVYAb,1685394060778,6523
seatgeek-dNgUgVZVYAb,1685394102841,6523
seatgeek-dNgUgVZVYAb,1685394305087,6523
seatgeek-YgJtk8qq2wa,1685394053123,820
seatgeek-YgJtk8qq2wa,1685394060778,820
seatgeek-YgJtk8qq2wa,1685394102841,820
seatgeek-YgJtk8qq2wa,1685394305087,820
seatgeek-05VT8GLwYNb,1685394305087,651
seatgeek-2v0czvvBZnq,1685394053123,1246
seatgeek-2v0czvvBZnq,1685394060778,1246
seatgeek-2v0czvvBZnq,1685394102841,1246
seatgeek-2v0czvvBZnq,1685394305087,1246
seatgeek-g48Uraa3vag,1685394053123,868
seatgeek-g48Uraa3vag,1685394060778,868
seatgeek-g48Uraa3vag,1685394102841,868
seatgeek-g48Uraa3vag,1685394305087,868
seatgeek-2v0czvlvNxp,1685394053123,1116
seatgeek-2v0czvlvNxp,1685394060778,1116
seatgeek-2v0czvlvNxp,1685394102841,1116
seatgeek-2v0czvlvNxp,1685394305087,1116
seatgeek-z3Es6oozmlA,1685394053123,601
seatgeek-z3Es6oozmlA,1685394060778,601
seatgeek-z3Es6oozmlA,1685394102841,588
seatgeek-z3Es6oozmlA,1685394305087,588
seatgeek-9P2c5Jxxlxr,1685394053123,1943
seatgeek-9P2c5Jxxlxr,1685394060778,1943
seatgeek-9P2c5Jxxlxr,1685394102841,1943
seatgeek-9P2c5Jxxlxr,1685394305087,1943
seatgeek-eeacK75Klxd,1685394053123,4338
seatgeek-eeacK75Klxd,1685394060778,4338
seatgeek-eeacK75Klxd,1685394102841,4338
seatgeek-eeacK75Klxd,1685394305087,4338
seatgeek-A6rs2kn2Xv3,1685394305087,1820
seatgeek-Kezcz5527LM,1685394305087,872
seatgeek-2v0czvllzNB,1685394053123,956
seatgeek-2v0czvllzNB,1685394060778,956
seatgeek-2v0czvllzNB,1685394102841,956
seatgeek-2v0czvllzNB,1685394305087,956
seatgeek-PX0sgoo684L,1685394053123,766
seatgeek-PX0sgoo684L,1685394060778,766
seatgeek-PX0sgoo684L,1685394102841,766
seatgeek-PX0sgoo684L,1685394305087,766
seatgeek-kYet9xLxGOJ,1685394053123,925
seatgeek-kYet9xLxGOJ,1685394060778,925
seatgeek-kYet9xLxGOJ,1685394102841,925
seatgeek-kYet9xLxGOJ,1685394305087,925
seatgeek-kYet9d2JjzN,1685394053123,648
seatgeek-kYet9d2JjzN,1685394060778,648
seatgeek-kYet9d2JjzN,1685394102841,648
seatgeek-kYet9d2JjzN,1685394305087,648
seatgeek-7KntAYYvVND,1685394053123,620
seatgeek-7KntAYYvVND,1685394060778,620
seatgeek-7KntAYYvVND,1685394102841,620
seatgeek-7KntAYYvVND,1685394305087,620
seatgeek-w3JseYqq3Ea,1685394053123,866
seatgeek-w3JseYqq3Ea,1685394060778,866
seatgeek-w3JseYqq3Ea,1685394102841,866
seatgeek-w3JseYqq3Ea,1685394305087,866
seatgeek-rVOHkeed8bN,1685394102841,601
seatgeek-05VT8eR86OO,1685394305087,3746
seatgeek-EroUXlbX5od,1685394053123,1044
seatgeek-EroUXlbX5od,1685394060778,1044
seatgeek-EroUXlbX5od,1685394102841,1044
seatgeek-EroUXlbX5od,1685394305087,1044
seatgeek-z3Es6oozM0Z,1685394053123,8207
seatgeek-z3Es6oozM0Z,1685394060778,8207
seatgeek-z3Es6oozM0Z,1685394102841,8207
seatgeek-z3Es6oozM0Z,1685394305087,8207
seatgeek-EroUXlbbbBR,1685394053123,1002
seatgeek-EroUXlbbbBR,1685394060778,1002
seatgeek-EroUXlbbbBR,1685394102841,1002
seatgeek-EroUXlbbbBR,1685394305087,1002
seatgeek-g48UraGaRRA,1685394053123,7829
seatgeek-g48UraGaRRA,1685394060778,7829
seatgeek-g48UraGaRRA,1685394102841,7829
seatgeek-g48UraGaRRA,1685394305087,7829
seatgeek-dNgUgVVqXOo,1685394053123,971
seatgeek-dNgUgVVqXOo,1685394060778,971
seatgeek-dNgUgVVqXOo,1685394102841,971
seatgeek-dNgUgVVqXOo,1685394305087,822
seatgeek-nx0srGGa3Dz,1685394053123,650
seatgeek-nx0srGGa3Dz,1685394060778,650
seatgeek-nx0srGGa3Dz,1685394102841,650
seatgeek-nx0srGGa3Dz,1685394305087,650
